id,pred,expected
1,3,3
2,4,4
3,4,4
4,4,4
5,4,4
6,1,4
7,4,4
8,4,4
9,3,4
10,3,4
11,4,4
12,4,4
13,4,4
14,4,4
15,4,4
16,4,4
17,4,4
18,4,4
19,4,4
20,3,4
21,4,4
22,4,4
23,4,4
24,3,4
25,3,4
26,4,4
27,2,2
28,2,2
29,2,2
30,2,2
31,2,2
32,2,2
33,2,1
34,3,1
35,1,1
36,1,1
37,1,1
38,3,1
39,1,1
40,1,1
41,2,2
42,1,3
43,1,1
44,4,4
45,2,2
46,2,2
47,1,1
48,3,4
49,1,1
50,2,2
51,2,1
52,2,2
53,1,1
54,4,4
55,1,3
56,4,4
57,3,1
58,1,1
59,3,3
60,3,3
61,2,2
62,2,2
63,2,2
64,3,4
65,1,1
66,4,4
67,1,1
68,1,1
69,2,2
70,1,1
71,4,4
72,4,4
73,4,4
74,1,1
75,4,4
76,2,2
77,1,1
78,2,2
79,1,1
80,2,1
81,1,1
82,2,2
83,3,3
84,4,3
85,1,1
86,1,1
87,3,3
88,1,1
89,2,1
90,1,4
91,1,1
92,3,3
93,4,4
94,3,3
95,2,2
96,2,2
97,2,2
98,3,3
99,1,1
100,3,3
101,2,2
102,3,3
103,4,4
104,3,3
105,1,1
106,1,2
107,3,1
108,2,2
109,1,1
110,4,4
111,3,3
112,3,4
113,4,4
114,3,4
115,4,4
116,2,2
117,4,4
118,4,4
119,3,3
120,2,2
121,3,1
122,2,2
123,4,4
124,1,1
125,4,4
126,1,3
127,2,2
128,2,2
129,2,2
130,1,1
131,1,1
132,1,1
133,2,2
134,2,1
135,1,2
136,2,2
137,1,1
138,2,2
139,2,2
140,1,1
141,2,2
142,1,1
143,2,2
144,1,1
145,1,1
146,1,1
147,2,2
148,3,3
149,2,2
150,2,2
151,2,2
152,1,1
153,2,2
154,1,1
155,3,1
156,4,1
157,4,3
158,2,2
159,2,2
160,1,1
161,2,2
162,3,3
163,4,4
164,1,1
165,3,1
166,4,3
167,3,3
168,3,3
169,2,2
170,1,1
171,4,4
172,4,4
173,3,3
174,4,4
175,1,1
176,1,1
177,4,4
178,2,2
179,3,4
180,1,2
181,3,3
182,2,2
183,2,2
184,3,4
185,1,3
186,1,1
187,4,4
188,1,1
189,1,2
190,4,4
191,3,4
192,3,1
193,1,1
194,1,1
195,3,3
196,2,3
197,3,1
198,2,2
199,3,3
200,2,2
201,3,4
202,4,4
203,4,4
204,1,1
205,2,2
206,2,2
207,2,2
208,3,4
209,2,2
210,4,4
211,2,2
212,1,1
213,2,2
214,2,2
215,2,2
216,4,4
217,4,3
218,3,3
219,3,4
220,2,2
221,2,2
222,1,1
223,1,3
224,2,2
225,3,3
226,3,3
227,1,1
228,2,2
229,1,3
230,1,1
231,2,2
232,1,2
233,3,3
234,4,4
235,3,3
236,2,2
237,4,3
238,2,2
239,1,1
240,3,3
241,4,4
242,2,2
243,2,2
244,4,4
245,3,3
246,3,3
247,4,4
248,4,4
249,3,4
250,1,1
251,3,3
252,1,1
253,2,2
254,4,3
255,3,3
256,4,4
257,3,3
258,4,4
259,3,4
260,4,4
261,2,2
262,1,1
263,4,4
264,1,4
265,4,4
266,4,4
267,2,2
268,4,4
269,2,2
270,2,2
271,2,2
272,1,1
273,3,3
274,4,4
275,2,2
276,4,4
277,4,4
278,2,2
279,3,3
280,4,4
281,3,3
282,4,2
283,2,2
284,4,4
285,2,2
286,1,1
287,4,1
288,3,3
289,1,3
290,2,2
291,2,2
292,4,4
293,4,4
294,1,4
295,2,2
296,3,1
297,1,1
298,4,4
299,2,2
300,4,3
301,2,2
302,3,3
303,4,3
304,3,3
305,3,3
306,1,2
307,4,4
308,4,4
309,2,2
310,3,3
311,4,3
312,2,2
313,4,4
314,4,3
315,3,3
316,1,1
317,3,1
318,3,3
319,2,2
320,3,3
321,3,3
322,1,1
323,2,2
324,4,4
325,2,2
326,4,4
327,2,1
328,1,1
329,4,4
330,4,3
331,4,4
332,2,2
333,4,1
334,1,1
335,1,2
336,1,1
337,1,3
338,2,3
339,2,2
340,4,2
341,4,4
342,2,2
343,1,1
344,2,2
345,1,2
346,3,4
347,3,4
348,2,2
349,2,1
350,3,3
351,2,2
352,1,1
353,1,1
354,2,2
355,1,1
356,1,1
357,2,2
358,3,3
359,2,2
360,2,2
361,2,2
362,1,1
363,3,3
364,1,1
365,1,1
366,4,4
367,2,2
368,4,3
369,1,1
370,2,1
371,2,2
372,4,1
373,2,1
374,2,2
375,2,2
376,4,4
377,1,2
378,2,2
379,3,3
380,1,1
381,2,2
382,2,2
383,4,4
384,2,2
385,3,3
386,2,2
387,2,2
388,1,2
389,1,1
390,1,1
391,4,1
392,2,2
393,1,1
394,1,1
395,1,1
396,2,2
397,2,2
398,3,4
399,2,2
400,3,3
401,4,4
402,2,2
403,1,1
404,1,1
405,1,1
406,4,3
407,3,3
408,3,3
409,1,3
410,2,2
411,3,3
412,2,2
413,1,1
414,1,1
415,1,1
416,1,2
417,2,2
418,4,3
419,3,3
420,1,1
421,1,1
422,1,2
423,3,3
424,4,4
425,4,4
426,1,1
427,3,3
428,3,3
429,3,4
430,4,4
431,1,1
432,4,2
433,2,2
434,3,3
435,3,3
436,3,4
437,1,3
438,2,3
439,3,4
440,4,4
441,3,3
442,3,4
443,2,1
444,3,3
445,1,1
446,4,4
447,3,4
448,4,4
449,2,3
450,3,3
451,2,1
452,1,1
453,3,3
454,4,4
455,4,4
456,2,2
457,1,3
458,3,4
459,2,2
460,3,3
461,2,2
462,2,2
463,4,4
464,2,2
465,1,1
466,4,4
467,3,3
468,4,3
469,3,4
470,2,2
471,1,1
472,4,4
473,1,1
474,3,3
475,2,2
476,3,4
477,2,2
478,3,4
479,1,1
480,4,3
481,3,4
482,1,3
483,3,3
484,4,4
485,3,3
486,3,3
487,2,2
488,4,3
489,1,3
490,2,2
491,2,2
492,4,4
493,2,2
494,3,3
495,3,3
496,2,2
497,3,3
498,1,1
499,2,2
500,4,4
501,1,4
502,2,2
503,2,2
504,1,1
505,1,1
506,1,1
507,1,1
508,1,4
509,3,3
510,4,4
511,1,4
512,1,1
513,3,4
514,1,1
515,1,1
516,2,2
517,1,1
518,3,3
519,4,4
520,2,2
521,3,3
522,3,1
523,3,3
524,1,1
525,4,1
526,1,1
527,3,4
528,1,1
529,1,1
530,1,1
531,2,2
532,3,4
533,4,4
534,3,4
535,3,3
536,3,3
537,4,4
538,4,4
539,2,2
540,4,4
541,2,2
542,3,1
543,3,1
544,4,4
545,2,2
546,4,4
547,3,3
548,2,2
549,4,4
550,3,3
551,1,1
552,1,1
553,1,1
554,2,2
555,3,4
556,4,4
557,1,4
558,4,4
559,4,4
560,4,4
561,4,4
562,1,1
563,3,3
564,4,4
565,2,2
566,3,1
567,1,1
568,4,4
569,3,4
570,2,2
571,4,4
572,2,3
573,4,4
574,3,4
575,1,1
576,3,3
577,2,2
578,4,4
579,4,4
580,1,1
581,2,2
582,4,4
583,4,3
584,2,2
585,2,1
586,3,3
587,4,4
588,4,4
589,3,4
590,3,3
591,1,1
592,3,3
593,1,4
594,1,1
595,4,4
596,1,1
597,3,4
598,4,4
599,3,3
600,1,1
601,3,3
602,4,3
603,4,4
604,3,3
605,2,2
606,1,1
607,3,1
608,4,4
609,2,2
610,2,2
611,2,2
612,1,1
613,1,1
614,2,1
615,2,1
616,4,3
617,4,4
618,3,1
619,1,1
620,3,3
621,3,3
622,3,3
623,4,4
624,3,4
625,4,4
626,1,1
627,2,1
628,3,4
629,3,3
630,2,2
631,4,4
632,2,2
633,4,4
634,4,4
635,3,3
636,4,4
637,4,4
638,1,2
639,2,2
640,1,1
641,3,3
642,4,4
643,1,4
644,1,3
645,2,2
646,4,4
647,1,1
648,1,1
649,2,2
650,3,3
651,2,1
652,3,3
653,1,1
654,1,1
655,2,4
656,3,1
657,3,3
658,4,4
659,4,4
660,3,4
661,4,4
662,4,4
663,2,2
664,4,3
665,3,4
666,2,2
667,2,2
668,3,3
669,1,4
670,4,1
671,2,2
672,2,4
673,1,1
674,4,3
675,2,2
676,2,2
677,2,1
678,4,1
679,1,1
680,2,2
681,4,4
682,1,1
683,1,1
684,1,1
685,1,1
686,3,3
687,2,2
688,1,3
689,3,3
690,1,1
691,2,2
692,2,2
693,2,2
694,2,2
695,1,1
696,1,1
697,4,2
698,1,1
699,2,2
700,1,1
701,3,3
702,2,2
703,1,4
704,1,1
705,2,2
706,2,2
707,4,4
708,4,3
709,4,4
710,2,4
711,3,3
712,3,3
713,4,3
714,2,2
715,2,2
716,4,4
717,3,4
718,2,2
719,2,2
720,3,1
721,1,1
722,1,1
723,1,4
724,3,3
725,1,1
726,1,1
727,2,2
728,3,1
729,3,3
730,3,3
731,3,3
732,4,4
733,1,4
734,1,3
735,3,3
736,1,2
737,3,3
738,1,1
739,4,4
740,2,2
741,2,2
742,4,4
743,1,1
744,4,4
745,4,3
746,4,3
747,3,3
748,2,1
749,4,4
750,2,2
751,3,1
752,1,3
753,2,2
754,2,2
755,1,1
756,2,4
757,1,1
758,1,1
759,3,4
760,2,2
761,3,3
762,4,4
763,4,3
764,4,4
765,1,1
766,2,2
767,2,2
768,2,2
769,1,1
770,2,2
771,3,3
772,2,2
773,3,1
774,2,2
775,2,2
776,1,1
777,4,4
778,2,2
779,4,4
780,2,2
781,1,1
782,3,1
783,2,2
784,4,4
785,2,2
786,1,1
787,3,1
788,2,2
789,3,3
790,1,4
791,1,1
792,1,4
793,1,1
794,2,2
795,4,4
796,1,1
797,4,3
798,1,1
799,2,2
800,2,1
801,2,2
802,2,2
803,1,1
804,1,1
805,1,3
806,4,4
807,4,3
808,2,2
809,1,1
810,2,2
811,1,1
812,1,4
813,4,4
814,1,1
815,2,2
816,1,1
817,3,3
818,2,2
819,1,1
820,1,1
821,1,1
822,2,2
823,2,2
824,2,2
825,3,3
826,2,2
827,1,1
828,2,2
829,1,1
830,4,1
831,1,1
832,1,1
833,4,1
834,1,1
835,2,2
836,4,3
837,3,3
838,2,2
839,1,1
840,3,4
841,2,2
842,1,1
843,2,2
844,2,2
845,1,1
846,4,4
847,1,1
848,3,1
849,3,1
850,2,2
851,4,4
852,2,2
853,4,1
854,2,2
855,2,2
856,1,2
857,2,2
858,2,2
859,2,2
860,4,4
861,1,1
862,2,3
863,2,2
864,2,2
865,3,3
866,1,3
867,4,4
868,3,3
869,1,1
870,1,1
871,2,2
872,1,2
873,2,2
874,2,2
875,2,2
876,2,2
877,1,3
878,4,3
879,2,2
880,1,1
881,4,4
882,1,3
883,3,1
884,3,3
885,2,2
886,2,2
887,2,2
888,4,3
889,2,2
890,3,3
891,3,3
892,2,2
893,4,3
894,1,1
895,1,1
896,4,3
897,1,1
898,1,1
899,1,1
900,3,3
901,3,3
902,2,2
903,4,3
904,1,1
905,4,4
906,2,2
907,4,3
908,3,3
909,1,1
910,3,3
911,4,4
912,3,3
913,2,4
914,2,2
915,3,3
916,1,1
917,3,3
918,2,2
919,1,1
920,1,1
921,4,4
922,4,4
923,3,3
924,3,3
925,1,1
926,1,1
927,1,1
928,3,4
929,3,4
930,2,2
931,3,1
932,3,3
933,3,3
934,4,4
935,3,4
936,2,2
937,3,3
938,1,1
939,3,1
940,2,2
941,1,2
942,4,4
943,4,1
944,2,2
945,4,4
946,2,2
947,4,4
948,2,2
949,1,1
950,2,2
951,3,3
952,3,4
953,2,2
954,3,3
955,3,4
956,3,3
957,3,4
958,4,4
959,1,1
960,2,2
961,4,4
962,1,1
963,1,1
964,1,3
965,3,3
966,3,3
967,2,2
968,2,1
969,4,4
970,4,4
971,3,3
972,4,4
973,1,1
974,1,1
975,2,2
976,2,2
977,4,4
978,4,4
979,1,1
980,4,4
981,3,3
982,4,4
983,4,4
984,2,2
985,2,2
986,4,4
987,1,1
988,1,1
989,4,4
990,4,4
991,2,2
992,3,3
993,1,1
994,1,1
995,4,4
996,2,2
997,2,2
998,2,2
999,4,4
1000,0,1
1001,3,3
1002,4,3
1003,4,4
1004,0,1
1005,3,4
1006,4,4
1007,3,3
1008,2,2
1009,2,2
1010,4,4
1011,3,3
1012,4,4
1013,3,3
1014,4,4
1015,4,4
1016,4,4
1017,2,2
1018,2,1
1019,3,3
1020,1,4
1021,2,2
1022,1,1
1023,0,4
1024,3,3
1025,0,4
1026,4,3
1027,4,4
1028,0,4
1029,0,1
1030,0,3
1031,3,3
1032,3,4
1033,0,4
1034,1,1
1035,2,2
1036,4,4
1037,4,3
1038,0,4
1039,0,4
1040,1,1
1041,2,2
1042,0,1
1043,3,4
1044,0,4
1045,0,3
1046,0,4
1047,0,4
1048,0,1
1049,2,2
1050,1,1
1051,3,3
1052,0,3
1053,1,1
1054,1,1
1055,0,2
1056,0,2
1057,2,2
1058,0,4
1059,0,1
1060,0,4
1061,0,2
1062,0,1
1063,3,3
1064,2,3
1065,0,1
1066,0,1
1067,4,4
1068,0,4
1069,0,3
1070,0,2
1071,0,4
1072,0,4
1073,1,4
1074,0,4
1075,3,4
1076,0,4
1077,4,4
1078,0,3
1079,4,4
1080,0,4
1081,2,1
1082,0,2
1083,0,2
1084,0,3
1085,3,3
1086,0,4
1087,0,4
1088,0,4
1089,0,4
1090,4,4
1091,1,1
1092,1,1
1093,0,1
1094,3,3
1095,0,3
1096,4,1
1097,0,1
1098,0,3
1099,0,4
1100,0,3
1101,4,1
1102,0,3
1103,2,2
1104,0,3
1105,0,4
1106,1,1
1107,3,4
1108,4,4
1109,4,4
1110,1,1
1111,0,3
1112,3,3
1113,2,2
1114,2,2
1115,2,2
1116,3,3
1117,1,3
1118,1,1
1119,4,4
1120,4,4
1121,0,2
1122,3,1
1123,4,3
1124,3,3
1125,0,3
1126,3,4
1127,3,3
1128,1,4
1129,2,2
1130,2,2
1131,4,1
1132,3,3
1133,4,4
1134,2,2
1135,1,1
1136,0,2
1137,1,1
1138,2,2
1139,2,2
1140,1,1
1141,2,4
1142,2,2
1143,3,1
1144,3,3
1145,2,2
1146,2,2
1147,4,1
1148,1,2
1149,1,1
1150,1,1
1151,1,1
1152,3,3
1153,2,2
1154,2,2
1155,4,4
1156,4,3
1157,1,1
1158,2,2
1159,2,2
1160,2,2
1161,4,3
1162,2,2
1163,4,4
1164,3,3
1165,3,3
1166,3,3
1167,3,3
1168,4,4
1169,4,1
1170,0,2
1171,0,2
1172,2,2
1173,2,2
1174,1,1
1175,2,2
1176,1,2
1177,2,2
1178,3,3
1179,3,3
1180,2,2
1181,1,1
1182,2,2
1183,3,4
1184,0,4
1185,2,2
1186,0,1
1187,1,1
1188,4,4
1189,4,3
1190,1,1
1191,4,4
1192,3,1
1193,0,2
1194,0,2
1195,2,2
1196,1,1
1197,1,1
1198,1,3
1199,2,2
1200,1,1
1201,1,1
1202,2,2
1203,2,2
1204,2,2
1205,1,3
1206,1,1
1207,2,2
1208,1,1
1209,2,2
1210,3,3
1211,3,3
1212,3,4
1213,2,2
1214,0,1
1215,3,3
1216,1,1
1217,2,2
1218,2,2
1219,2,2
1220,4,3
1221,1,1
1222,3,3
1223,1,1
1224,4,3
1225,0,1
1226,0,1
1227,1,4
1228,1,1
1229,2,2
1230,4,3
1231,4,4
1232,4,4
1233,0,2
1234,3,3
1235,4,4
1236,3,3
1237,4,4
1238,4,4
1239,2,2
1240,1,1
1241,0,3
1242,3,3
1243,0,4
1244,0,3
1245,2,2
1246,0,1
1247,2,2
1248,2,2
1249,1,3
1250,2,2
1251,2,2
1252,3,1
1253,3,3
1254,0,3
1255,0,3
1256,1,1
1257,1,1
1258,4,4
1259,4,3
1260,0,2
1261,0,2
1262,2,2
1263,3,4
1264,1,1
1265,1,1
1266,4,4
1267,1,1
1268,2,2
1269,4,4
1270,0,4
1271,3,3
1272,2,2
1273,1,1
1274,3,3
1275,0,3
1276,3,3
1277,2,2
1278,4,3
1279,1,1
1280,3,3
1281,3,4
1282,2,2
1283,2,2
1284,2,2
1285,2,2
1286,4,4
1287,3,3
1288,2,2
1289,2,2
1290,1,3
1291,1,1
1292,4,3
1293,0,4
1294,3,3
1295,4,4
1296,0,3
1297,1,3
1298,4,4
1299,1,1
1300,0,1
1301,0,1
1302,4,4
1303,0,2
1304,1,1
1305,2,2
1306,3,3
1307,1,1
1308,0,4
1309,1,1
1310,2,2
1311,3,3
1312,0,3
1313,1,3
1314,4,1
1315,4,4
1316,4,4
1317,1,1
1318,1,2
1319,3,3
1320,3,3
1321,2,2
1322,3,3
1323,2,2
1324,4,4
1325,3,3
1326,4,4
1327,3,4
1328,2,2
1329,1,2
1330,1,1
1331,3,3
1332,4,4
1333,4,4
1334,4,4
1335,4,3
1336,0,3
1337,4,3
1338,3,3
1339,1,1
1340,1,1
1341,2,2
1342,3,3
1343,2,2
1344,3,4
1345,3,3
1346,1,4
1347,4,4
1348,1,3
1349,2,2
1350,4,4
1351,4,4
1352,2,2
1353,1,1
1354,2,2
1355,4,4
1356,3,3
1357,2,2
1358,1,3
1359,3,3
1360,3,3
1361,3,4
1362,4,3
1363,0,2
1364,0,4
1365,3,4
1366,1,1
1367,0,3
1368,3,3
1369,4,4
1370,3,3
1371,0,4
1372,2,2
1373,3,3
1374,3,1
1375,1,3
1376,0,4
1377,1,2
1378,1,4
1379,0,4
1380,1,1
1381,3,3
1382,2,2
1383,2,2
1384,4,4
1385,2,2
1386,3,1
1387,4,1
1388,3,3
1389,3,3
1390,2,2
1391,3,4
1392,0,4
1393,4,4
1394,0,2
1395,1,1
1396,3,3
1397,3,3
1398,0,2
1399,3,3
1400,4,1
1401,2,2
1402,4,4
1403,1,1
1404,1,1
1405,2,2
1406,2,2
1407,2,2
1408,2,2
1409,0,2
1410,3,3
1411,3,3
1412,3,3
1413,0,4
1414,3,4
1415,2,2
1416,0,3
1417,3,3
1418,2,2
1419,2,2
1420,3,3
1421,0,3
1422,0,1
1423,2,2
1424,1,1
1425,1,1
1426,4,4
1427,4,4
1428,1,4
1429,4,4
1430,4,4
1431,3,3
1432,3,3
1433,3,3
1434,3,4
1435,4,4
1436,2,2
1437,1,1
1438,4,4
1439,0,3
1440,4,4
1441,2,2
1442,3,3
1443,1,1
1444,4,4
1445,0,4
1446,0,1
1447,0,4
1448,1,4
1449,1,1
1450,3,4
1451,3,3
1452,3,3
1453,4,4
1454,1,1
1455,2,2
1456,0,1
1457,0,3
1458,3,4
1459,2,2
1460,1,1
1461,2,4
1462,0,1
1463,4,4
1464,1,1
1465,4,1
1466,2,2
1467,2,1
1468,2,2
1469,2,2
1470,0,3
1471,2,2
1472,4,4
1473,0,1
1474,0,2
1475,4,4
1476,0,1
1477,0,3
1478,1,1
1479,0,2
1480,3,1
1481,3,3
1482,3,3
1483,0,3
1484,3,3
1485,2,2
1486,4,4
1487,0,4
1488,2,2
1489,2,2
1490,0,2
1491,0,1
1492,1,1
1493,1,1
1494,2,2
1495,0,1
1496,3,3
1497,2,2
1498,0,4
1499,4,4
1500,0,4
1501,3,3
1502,4,4
1503,2,2
1504,4,4
1505,0,1
1506,1,1
1507,1,1
1508,0,4
1509,4,4
1510,0,4
1511,4,4
1512,3,3
1513,4,4
1514,3,4
1515,3,3
1516,2,2
1517,4,4
1518,1,1
1519,2,2
1520,1,1
1521,4,4
1522,1,1
1523,2,2
1524,4,1
1525,3,3
1526,0,1
1527,4,4
1528,1,3
1529,1,1
1530,1,1
1531,3,3
1532,3,3
1533,1,1
1534,2,1
1535,4,4
1536,1,1
1537,2,2
1538,1,1
1539,1,1
1540,3,3
1541,2,2
1542,4,4
1543,4,4
1544,4,1
1545,1,1
1546,1,1
1547,1,1
1548,2,2
1549,3,3
1550,1,1
1551,4,4
1552,2,2
1553,3,3
1554,2,2
1555,2,2
1556,2,2
1557,3,3
1558,2,2
1559,2,2
1560,1,1
1561,2,2
1562,3,3
1563,0,1
1564,0,2
1565,0,2
1566,2,2
1567,2,2
1568,1,1
1569,1,1
1570,2,2
1571,2,2
1572,2,2
1573,3,1
1574,4,4
1575,2,2
1576,3,3
1577,1,1
1578,2,2
1579,1,1
1580,4,4
1581,1,1
1582,1,1
1583,1,1
1584,1,2
1585,3,3
1586,0,2
1587,1,1
1588,1,1
1589,2,2
1590,1,1
1591,4,3
1592,3,3
1593,2,2
1594,1,1
1595,2,2
1596,0,1
1597,2,2
1598,3,3
1599,0,1
1600,0,1
1601,0,4
1602,2,2
1603,1,3
1604,4,3
1605,2,2
1606,1,1
1607,4,4
1608,3,3
1609,1,1
1610,4,4
1611,4,4
1612,3,3
1613,3,3
1614,4,3
1615,2,2
1616,3,3
1617,1,1
1618,2,1
1619,4,4
1620,4,4
1621,4,4
1622,4,4
1623,3,3
1624,1,1
1625,2,2
1626,3,4
1627,4,4
1628,2,2
1629,1,3
1630,0,4
1631,4,4
1632,3,3
1633,0,4
1634,4,4
1635,3,4
1636,3,3
1637,1,1
1638,4,1
1639,0,3
1640,4,4
1641,0,4
1642,0,4
1643,0,4
1644,2,2
1645,0,1
1646,4,3
1647,2,2
1648,0,4
1649,0,1
1650,1,1
1651,2,2
1652,2,2
1653,0,3
1654,0,4
1655,0,3
1656,4,4
1657,2,2
1658,0,3
1659,0,1
1660,3,4
1661,0,4
1662,0,3
1663,4,3
1664,2,2
1665,1,1
1666,4,3
1667,4,4
1668,4,4
1669,1,3
1670,4,4
1671,3,3
1672,0,1
1673,1,1
1674,3,3
1675,2,2
1676,0,1
1677,4,4
1678,0,2
1679,0,3
1680,2,2
1681,1,1
1682,3,3
1683,1,2
1684,4,4
1685,2,2
1686,1,1
1687,4,4
1688,3,3
1689,3,4
1690,3,4
1691,3,4
1692,3,1
1693,3,3
1694,3,3
1695,0,3
1696,0,4
1697,0,4
1698,1,1
1699,0,2
1700,3,3
1701,4,1
1702,2,2
1703,4,4
1704,0,4
1705,4,4
1706,0,3
1707,2,2
1708,2,2
1709,3,3
1710,3,4
1711,0,4
1712,4,4
1713,3,2
1714,3,3
1715,3,3
1716,2,2
1717,1,1
1718,4,4
1719,4,3
1720,3,3
1721,0,3
1722,0,4
1723,2,2
1724,0,1
1725,4,4
1726,0,4
1727,3,3
1728,2,2
1729,4,4
1730,1,1
1731,0,3
1732,0,2
1733,2,2
1734,2,2
1735,2,2
1736,0,3
1737,2,2
1738,2,2
1739,2,2
1740,1,1
1741,2,2
1742,2,2
1743,1,1
1744,0,4
1745,1,1
1746,4,1
1747,3,3
1748,1,1
1749,3,3
1750,0,2
1751,4,4
1752,0,1
1753,1,3
1754,0,2
1755,4,4
1756,1,1
1757,0,1
1758,4,3
1759,2,2
1760,2,2
1761,0,1
1762,2,2
1763,0,4
1764,4,3
1765,1,1
1766,2,2
1767,0,3
1768,2,2
1769,0,1
1770,0,3
1771,4,3
1772,3,3
1773,1,1
1774,0,4
1775,1,4
1776,1,3
1777,0,2
1778,2,2
1779,1,1
1780,3,1
1781,0,1
1782,1,4
1783,0,2
1784,0,3
1785,0,4
1786,2,2
1787,0,2
1788,2,2
1789,0,3
1790,0,2
1791,0,3
1792,1,1
1793,3,3
1794,4,2
1795,2,2
1796,4,4
1797,0,3
1798,1,4
1799,2,2
1800,3,3
1801,1,1
1802,0,2
1803,4,4
1804,2,2
1805,3,3
1806,2,2
1807,0,4
1808,2,2
1809,0,1
1810,2,2
1811,2,2
1812,0,4
1813,2,2
1814,1,1
1815,4,4
1816,0,2
1817,1,1
1818,1,1
1819,3,1
1820,0,3
1821,4,4
1822,2,2
1823,1,1
1824,4,3
1825,2,2
1826,4,3
1827,3,3
1828,0,1
1829,0,1
1830,2,2
1831,2,2
1832,0,4
1833,0,2
1834,0,4
1835,1,1
1836,1,1
1837,1,1
1838,2,2
1839,0,3
1840,1,1
1841,0,2
1842,1,1
1843,0,3
1844,1,1
1845,1,1
1846,4,3
1847,0,1
1848,3,3
1849,1,1
1850,0,2
1851,0,1
1852,3,4
1853,0,1
1854,3,3
1855,0,4
1856,0,4
1857,1,1
1858,1,1
1859,2,2
1860,0,3
1861,4,1
1862,3,3
1863,0,3
1864,4,4
1865,1,4
1866,0,3
1867,1,1
1868,0,1
1869,4,4
1870,3,1
1871,3,3
1872,2,2
1873,0,1
1874,0,4
1875,0,4
1876,0,3
1877,2,2
1878,0,1
1879,0,4
1880,2,2
1881,0,1
1882,1,4
1883,2,2
1884,3,4
1885,3,4
1886,4,4
1887,1,1
1888,0,1
1889,4,4
1890,4,4
1891,3,4
1892,4,1
1893,1,3
1894,4,4
1895,0,1
1896,4,4
1897,3,3
1898,4,3
1899,0,4
1900,3,4
1901,0,3
1902,3,4
1903,1,2
1904,0,1
1905,1,1
1906,4,4
1907,2,2
1908,0,3
1909,2,2
1910,1,1
1911,1,2
1912,1,4
1913,4,1
1914,3,3
1915,4,4
1916,2,2
1917,4,4
1918,2,2
1919,4,4
1920,0,4
1921,3,3
1922,3,3
1923,4,4
1924,4,4
1925,3,3
1926,1,1
1927,0,3
1928,3,3
1929,0,3
1930,3,3
1931,2,2
1932,0,2
1933,1,2
1934,0,1
1935,0,1
1936,4,4
1937,1,1
1938,4,4
1939,3,4
1940,1,1
1941,4,4
1942,0,4
1943,2,2
1944,1,1
1945,2,2
1946,2,2
1947,3,1
1948,0,2
1949,2,2
1950,3,3
1951,2,2
1952,4,1
1953,2,2
1954,4,4
1955,3,4
1956,4,4
1957,0,4
1958,0,2
1959,3,3
1960,3,3
1961,2,2
1962,4,3
1963,3,3
1964,2,2
1965,4,4
1966,1,1
1967,1,1
1968,4,4
1969,4,4
1970,2,2
1971,2,2
1972,1,1
1973,2,3
1974,4,4
1975,4,3
1976,4,1
1977,2,1
1978,1,1
1979,4,4
1980,0,1
1981,1,1
1982,1,1
1983,2,2
1984,3,4
1985,4,4
1986,2,2
1987,4,4
1988,3,1
1989,3,4
1990,3,3
1991,4,4
1992,3,3
1993,2,2
1994,3,3
1995,0,1
1996,3,3
1997,0,4
1998,0,3
1999,0,1
2000,0,2
2001,2,2
2002,2,2
2003,0,2
2004,2,2
2005,1,1
2006,3,3
2007,3,4
2008,0,4
2009,2,2
2010,4,4
2011,3,3
2012,1,1
2013,1,1
2014,1,1
2015,3,1
2016,3,1
2017,4,1
2018,1,3
2019,2,2
2020,2,2
2021,1,1
2022,1,1
2023,1,1
2024,2,2
2025,0,1
2026,0,4
2027,2,2
2028,1,1
2029,2,1
2030,1,1
2031,1,1
2032,2,2
2033,2,2
2034,3,3
2035,4,4
2036,2,3
2037,4,2
2038,0,1
2039,0,3
2040,2,2
2041,2,2
2042,4,4
2043,1,1
2044,1,1
2045,0,2
2046,2,2
2047,2,3
2048,4,1
2049,2,2
2050,3,3
2051,2,2
2052,2,2
2053,0,2
2054,3,1
2055,1,1
2056,1,1
2057,1,1
2058,1,1
2059,2,2
2060,1,1
2061,1,1
2062,4,4
2063,4,3
2064,0,1
2065,2,2
2066,1,1
2067,2,2
2068,3,3
2069,4,3
2070,2,2
2071,4,4
2072,1,1
2073,2,2
2074,1,1
2075,1,1
2076,2,2
2077,1,1
2078,2,2
2079,0,2
2080,2,2
2081,3,3
2082,4,4
2083,3,4
2084,1,1
2085,3,3
2086,0,4
2087,0,3
2088,0,1
2089,1,1
2090,4,4
2091,0,2
2092,0,3
2093,4,1
2094,4,4
2095,4,4
2096,3,4
2097,2,2
2098,2,2
2099,4,3
2100,2,2
2101,4,4
2102,0,4
2103,3,4
2104,0,4
2105,4,4
2106,1,1
2107,0,4
2108,4,4
2109,1,1
2110,2,2
2111,2,2
2112,4,3
2113,0,4
2114,3,4
2115,2,2
2116,4,4
2117,3,3
2118,3,3
2119,0,1
2120,2,2
2121,0,3
2122,3,3
2123,3,4
2124,3,3
2125,3,3
2126,1,1
2127,3,4
2128,3,3
2129,4,4
2130,4,4
2131,0,4
2132,4,4
2133,2,2
2134,3,4
2135,1,1
2136,1,1
2137,2,2
2138,1,1
2139,1,4
2140,4,4
2141,1,1
2142,4,4
2143,4,4
2144,4,4
2145,2,2
2146,3,4
2147,0,2
2148,2,2
2149,2,3
2150,4,4
2151,0,1
2152,4,4
2153,3,3
2154,2,2
2155,1,1
2156,2,2
2157,3,3
2158,3,3
2159,4,1
2160,1,1
2161,0,2
2162,0,1
2163,4,4
2164,3,3
2165,0,1
2166,4,4
2167,4,4
2168,1,1
2169,3,3
2170,3,3
2171,3,4
2172,2,2
2173,1,1
2174,0,1
2175,4,1
2176,4,3
2177,4,4
2178,4,4
2179,4,4
2180,3,4
2181,3,4
2182,0,4
2183,3,3
2184,1,1
2185,3,1
2186,1,4
2187,0,3
2188,1,1
2189,3,3
2190,0,3
2191,3,3
2192,0,4
2193,0,2
2194,4,4
2195,3,4
2196,0,1
2197,4,4
2198,0,4
2199,3,3
2200,4,4
2201,0,4
2202,0,2
2203,4,4
2204,0,1
2205,4,3
2206,3,1
2207,3,3
2208,3,3
2209,4,4
2210,4,4
2211,3,4
2212,4,4
2213,0,3
2214,3,3
2215,3,3
2216,0,1
2217,2,2
2218,4,4
2219,1,1
2220,4,1
2221,2,2
2222,2,2
2223,3,4
2224,4,4
2225,4,1
2226,4,4
2227,1,1
2228,4,3
2229,3,1
2230,2,2
2231,2,2
2232,1,1
2233,3,3
2234,4,3
2235,4,3
2236,2,2
2237,1,1
2238,0,1
2239,0,3
2240,2,2
2241,2,2
2242,1,1
2243,1,1
2244,2,2
2245,2,2
2246,4,4
2247,1,1
2248,4,1
2249,4,4
2250,1,1
2251,2,2
2252,3,4
2253,4,4
2254,4,3
2255,1,1
2256,3,4
2257,0,4
2258,1,3
2259,0,3
2260,3,3
2261,3,3
2262,2,2
2263,3,4
2264,3,3
2265,2,2
2266,2,2
2267,4,4
2268,2,2
2269,2,2
2270,0,4
2271,4,4
2272,1,1
2273,3,4
2274,1,1
2275,3,4
2276,4,3
2277,0,1
2278,2,2
2279,3,3
2280,3,3
2281,1,1
2282,4,3
2283,4,4
2284,3,4
2285,1,1
2286,4,4
2287,0,4
2288,3,4
2289,1,1
2290,4,4
2291,0,1
2292,4,4
2293,3,4
2294,4,4
2295,4,4
2296,2,2
2297,4,3
2298,2,2
2299,3,3
2300,3,3
2301,3,1
2302,1,2
2303,0,2
2304,1,1
2305,2,2
2306,0,2
2307,3,1
2308,4,3
2309,3,3
2310,3,1
2311,3,3
2312,3,3
2313,3,3
2314,3,3
2315,0,3
2316,2,2
2317,4,4
2318,3,3
2319,3,3
2320,0,3
2321,2,2
2322,3,3
2323,0,3
2324,4,4
2325,1,1
2326,0,1
2327,2,2
2328,2,2
2329,2,2
2330,2,2
2331,2,2
2332,1,3
2333,3,3
2334,4,3
2335,0,2
2336,4,4
2337,1,4
2338,0,2
2339,0,3
2340,1,1
2341,1,1
2342,2,2
2343,3,3
2344,0,3
2345,3,3
2346,4,4
2347,2,2
2348,1,1
2349,4,4
2350,1,1
2351,3,4
2352,3,3
2353,3,3
2354,2,4
2355,3,3
2356,4,4
2357,3,3
2358,2,2
2359,4,4
2360,4,3
2361,1,1
2362,2,1
2363,2,2
2364,3,3
2365,4,4
2366,1,1
2367,1,1
2368,3,3
2369,1,1
2370,1,1
2371,1,1
2372,0,2
2373,1,1
2374,0,3
2375,0,4
2376,2,2
2377,3,3
2378,3,3
2379,1,1
2380,4,4
2381,4,4
2382,4,4
2383,4,4
2384,2,2
2385,4,4
2386,0,3
2387,0,1
2388,4,4
2389,2,2
2390,0,2
2391,2,2
2392,3,3
2393,3,1
2394,2,2
2395,3,3
2396,4,3
2397,0,3
2398,1,4
2399,1,1
2400,1,1
2401,4,1
2402,3,3
2403,2,2
2404,2,2
2405,2,2
2406,3,3
2407,4,1
2408,3,3
2409,4,4
2410,0,2
2411,0,1
2412,2,2
2413,4,4
2414,4,3
2415,4,4
2416,0,4
2417,4,2
2418,4,4
2419,1,1
2420,4,4
2421,3,3
2422,1,3
2423,3,4
2424,1,4
2425,3,3
2426,3,3
2427,1,1
2428,2,3
2429,0,4
2430,0,1
2431,0,3
2432,4,3
2433,4,4
2434,2,2
2435,4,4
2436,3,4
2437,4,4
2438,3,4
2439,1,4
2440,0,3
2441,3,3
2442,4,4
2443,1,2
2444,3,1
2445,3,3
2446,3,3
2447,4,4
2448,4,4
2449,0,3
2450,1,1
2451,3,3
2452,4,3
2453,4,4
2454,2,2
2455,2,2
2456,2,2
2457,2,2
2458,4,4
2459,3,3
2460,2,2
2461,4,1
2462,1,1
2463,3,3
2464,1,1
2465,2,2
2466,2,2
2467,3,3
2468,2,2
2469,2,1
2470,4,3
2471,3,3
2472,2,2
2473,2,2
2474,2,2
2475,3,3
2476,2,2
2477,1,1
2478,2,2
2479,2,2
2480,4,3
2481,2,2
2482,3,3
2483,4,1
2484,4,4
2485,2,2
2486,2,2
2487,1,1
2488,1,1
2489,3,3
2490,2,3
2491,0,2
2492,4,1
2493,2,2
2494,2,2
2495,2,2
2496,2,2
2497,0,2
2498,3,3
2499,1,1
2500,2,2
2501,4,3
2502,3,3
2503,1,2
2504,1,2
2505,1,1
2506,2,2
2507,1,1
2508,1,1
2509,0,4
2510,2,2
2511,2,2
2512,2,2
2513,0,1
2514,1,1
2515,1,1
2516,2,2
2517,2,2
2518,2,2
2519,2,2
2520,4,1
2521,4,4
2522,2,4
2523,4,4
2524,2,2
2525,1,1
2526,1,1
2527,2,2
2528,1,1
2529,1,1
2530,2,2
2531,2,2
2532,3,1
2533,2,2
2534,4,4
2535,4,4
2536,3,3
2537,2,2
2538,2,2
2539,2,2
2540,1,1
2541,0,1
2542,1,3
2543,3,4
2544,3,3
2545,2,2
2546,3,3
2547,4,3
2548,1,1
2549,2,1
2550,1,1
2551,3,3
2552,2,2
2553,2,2
2554,1,1
2555,1,1
2556,3,4
2557,3,4
2558,2,2
2559,0,1
2560,1,1
2561,2,2
2562,1,1
2563,2,2
2564,1,1
2565,2,1
2566,3,3
2567,1,3
2568,1,1
2569,2,2
2570,0,2
2571,2,2
2572,4,4
2573,0,1
2574,4,3
2575,4,3
2576,4,4
2577,1,4
2578,3,4
2579,1,1
2580,1,2
2581,3,3
2582,3,3
2583,4,4
2584,3,4
2585,2,2
2586,4,4
2587,4,4
2588,2,1
2589,3,3
2590,3,4
2591,0,3
2592,2,1
2593,3,3
2594,1,1
2595,3,3
2596,1,1
2597,3,3
2598,3,3
2599,4,4
2600,3,3
2601,3,3
2602,4,4
2603,1,1
2604,1,1
2605,1,1
2606,4,4
2607,2,2
2608,1,1
2609,4,4
2610,3,3
2611,3,3
2612,4,4
2613,4,4
2614,3,1
2615,3,3
2616,2,2
2617,4,4
2618,3,3
2619,4,4
2620,4,4
2621,4,3
2622,3,4
2623,2,2
2624,2,2
2625,0,1
2626,3,4
2627,2,2
2628,0,3
2629,3,3
2630,2,2
2631,2,2
2632,2,2
2633,1,1
2634,0,4
2635,0,2
2636,3,4
2637,3,3
2638,1,1
2639,3,3
2640,2,2
2641,2,2
2642,2,2
2643,0,2
2644,3,3
2645,0,2
2646,2,2
2647,1,1
2648,0,1
2649,4,3
2650,3,3
2651,4,4
2652,2,2
2653,4,3
2654,4,1
2655,3,3
2656,4,4
2657,2,1
2658,1,1
2659,3,3
2660,3,3
2661,0,4
2662,2,2
2663,3,3
2664,1,1
2665,3,3
2666,2,2
2667,3,3
2668,3,3
2669,0,1
2670,4,4
2671,0,1
2672,0,3
2673,3,3
2674,4,4
2675,4,4
2676,3,3
2677,0,4
2678,4,4
2679,0,4
2680,4,3
2681,0,3
2682,0,4
2683,4,4
2684,0,1
2685,3,3
2686,1,1
2687,0,1
2688,0,3
2689,0,3
2690,2,2
2691,0,2
2692,2,2
2693,4,4
2694,0,4
2695,1,4
2696,0,1
2697,0,3
2698,3,3
2699,0,4
2700,3,3
2701,3,3
2702,4,3
2703,1,1
2704,3,3
2705,0,1
2706,2,2
2707,0,3
2708,4,4
2709,4,4
2710,3,4
2711,0,4
2712,1,1
2713,4,4
2714,2,2
2715,3,3
2716,0,2
2717,0,2
2718,2,2
2719,0,3
2720,3,4
2721,1,1
2722,1,1
2723,0,4
2724,2,2
2725,3,3
2726,1,1
2727,3,3
2728,4,4
2729,0,2
2730,0,3
2731,1,1
2732,3,3
2733,0,4
2734,2,2
2735,0,1
2736,3,3
2737,2,2
2738,2,2
2739,2,1
2740,2,2
2741,0,1
2742,0,3
2743,4,4
2744,0,1
2745,2,2
2746,3,3
2747,3,3
2748,2,2
2749,4,4
2750,0,3
2751,1,3
2752,2,2
2753,4,3
2754,1,4
2755,4,4
2756,3,3
2757,0,4
2758,1,3
2759,2,1
2760,0,3
2761,4,4
2762,0,1
2763,0,3
2764,3,4
2765,4,4
2766,0,3
2767,0,4
2768,0,4
2769,0,3
2770,0,1
2771,0,4
2772,1,3
2773,3,3
2774,4,4
2775,0,2
2776,4,3
2777,4,4
2778,2,2
2779,0,4
2780,4,4
2781,0,4
2782,3,1
2783,2,2
2784,3,3
2785,2,2
2786,4,4
2787,3,3
2788,4,4
2789,4,4
2790,4,3
2791,3,4
2792,4,3
2793,4,4
2794,2,2
2795,2,2
2796,0,3
2797,4,4
2798,4,4
2799,3,2
2800,0,4
2801,4,4
2802,0,4
2803,0,1
2804,2,2
2805,4,4
2806,3,4
2807,3,4
2808,4,4
2809,0,1
2810,2,2
2811,1,4
2812,4,4
2813,4,4
2814,4,4
2815,0,1
2816,3,3
2817,3,3
2818,0,1
2819,3,4
2820,1,1
2821,2,2
2822,2,2
2823,1,1
2824,3,3
2825,1,1
2826,2,2
2827,2,2
2828,0,3
2829,4,3
2830,2,2
2831,4,1
2832,4,4
2833,0,2
2834,1,4
2835,1,1
2836,3,3
2837,3,3
2838,2,2
2839,1,1
2840,1,1
2841,1,1
2842,4,3
2843,4,4
2844,3,3
2845,4,4
2846,2,2
2847,0,1
2848,1,1
2849,4,4
2850,4,4
2851,1,4
2852,4,3
2853,3,3
2854,1,1
2855,0,4
2856,0,1
2857,0,4
2858,4,3
2859,2,2
2860,2,2
2861,1,1
2862,4,4
2863,3,4
2864,2,2
2865,4,4
2866,2,1
2867,1,3
2868,3,3
2869,3,4
2870,3,3
2871,2,2
2872,2,2
2873,2,2
2874,4,3
2875,2,2
2876,4,3
2877,2,2
2878,0,4
2879,3,3
2880,3,4
2881,2,2
2882,1,1
2883,4,4
2884,4,1
2885,4,1
2886,4,4
2887,4,4
2888,3,2
2889,2,2
2890,2,2
2891,0,2
2892,2,2
2893,2,2
2894,2,2
2895,4,4
2896,2,2
2897,2,2
2898,3,3
2899,0,2
2900,3,3
2901,2,2
2902,1,1
2903,0,4
2904,2,1
2905,2,2
2906,2,2
2907,1,1
2908,2,2
2909,2,2
2910,3,3
2911,4,4
2912,1,1
2913,1,1
2914,4,4
2915,4,3
2916,4,4
2917,2,2
2918,2,2
2919,4,4
2920,3,4
2921,1,1
2922,1,1
2923,3,3
2924,4,3
2925,2,2
2926,1,1
2927,3,4
2928,2,2
2929,4,4
2930,4,4
2931,4,4
2932,4,4
2933,3,3
2934,2,2
2935,2,2
2936,3,3
2937,4,4
2938,3,3
2939,2,3
2940,3,3
2941,3,3
2942,0,4
2943,2,2
2944,0,2
2945,3,1
2946,3,3
2947,4,4
2948,1,1
2949,3,4
2950,4,4
2951,2,2
2952,3,2
2953,3,3
2954,4,4
2955,2,2
2956,0,4
2957,3,1
2958,3,3
2959,3,4
2960,3,1
2961,1,2
2962,0,2
2963,4,4
2964,0,2
2965,1,1
2966,4,4
2967,1,1
2968,3,3
2969,1,1
2970,0,4
2971,3,3
2972,4,3
2973,2,2
2974,1,1
2975,3,3
2976,3,3
2977,4,1
2978,4,1
2979,3,3
2980,3,4
2981,2,2
2982,3,3
2983,4,4
2984,1,1
2985,1,1
2986,3,3
2987,3,3
2988,3,3
2989,3,3
2990,1,1
2991,1,1
2992,2,2
2993,2,2
2994,1,1
2995,2,2
2996,0,2
2997,1,1
2998,1,1
2999,2,2
3000,0,1
3001,2,2
3002,4,3
3003,2,2
3004,3,3
3005,4,4
3006,3,3
3007,1,1
3008,2,2
3009,1,3
3010,2,2
3011,3,3
3012,3,3
3013,4,4
3014,1,1
3015,1,3
3016,2,2
3017,3,3
3018,1,3
3019,2,2
3020,1,1
3021,0,3
3022,2,1
3023,2,2
3024,4,3
3025,2,2
3026,0,3
3027,2,2
3028,3,4
3029,2,2
3030,2,2
3031,0,2
3032,2,2
3033,2,2
3034,1,1
3035,4,4
3036,0,3
3037,2,2
3038,2,2
3039,4,4
3040,1,1
3041,0,1
3042,1,1
3043,1,1
3044,2,2
3045,3,1
3046,3,3
3047,2,2
3048,2,2
3049,1,1
3050,2,2
3051,2,2
3052,3,3
3053,3,3
3054,2,2
3055,1,1
3056,3,3
3057,4,4
3058,1,4
3059,1,1
3060,4,4
3061,2,4
3062,1,1
3063,4,1
3064,2,1
3065,1,1
3066,2,2
3067,2,2
3068,4,3
3069,1,4
3070,3,3
3071,3,3
3072,2,2
3073,2,2
3074,4,4
3075,2,2
3076,1,1
3077,4,3
3078,2,3
3079,4,3
3080,2,2
3081,4,4
3082,3,1
3083,1,1
3084,3,3
3085,3,3
3086,1,1
3087,3,3
3088,4,4
3089,3,2
3090,3,4
3091,1,4
3092,4,4
3093,2,2
3094,1,1
3095,2,2
3096,2,2
3097,3,3
3098,3,4
3099,3,3
3100,0,4
3101,4,4
3102,3,3
3103,1,1
3104,4,4
3105,3,3
3106,3,3
3107,1,1
3108,3,4
3109,0,1
3110,4,4
3111,3,4
3112,1,1
3113,3,3
3114,1,1
3115,4,4
3116,4,3
3117,3,4
3118,2,2
3119,1,1
3120,0,3
3121,4,4
3122,3,3
3123,1,1
3124,1,1
3125,3,1
3126,3,4
3127,0,2
3128,3,4
3129,4,3
3130,3,4
3131,3,3
3132,2,2
3133,4,1
3134,3,1
3135,3,3
3136,3,3
3137,4,4
3138,0,4
3139,1,1
3140,3,4
3141,4,4
3142,3,4
3143,0,2
3144,1,1
3145,3,3
3146,3,4
3147,4,4
3148,1,1
3149,2,2
3150,2,2
3151,2,2
3152,1,1
3153,3,1
3154,1,1
3155,2,2
3156,3,4
3157,3,3
3158,4,1
3159,3,3
3160,4,4
3161,2,2
3162,1,1
3163,4,4
3164,1,1
3165,4,1
3166,2,2
3167,2,2
3168,1,1
3169,4,4
3170,1,1
3171,4,3
3172,3,3
3173,1,1
3174,2,2
3175,1,1
3176,4,4
3177,1,1
3178,3,3
3179,3,3
3180,2,2
3181,4,4
3182,1,1
3183,4,3
3184,4,3
3185,3,3
3186,4,4
3187,2,1
3188,1,1
3189,3,3
3190,4,3
3191,3,3
3192,1,1
3193,3,3
3194,3,3
3195,1,1
3196,3,1
3197,1,1
3198,3,4
3199,1,4
3200,4,4
3201,2,2
3202,3,3
3203,3,3
3204,3,3
3205,4,4
3206,1,1
3207,1,1
3208,3,3
3209,2,2
3210,3,3
3211,4,1
3212,1,1
3213,3,3
3214,4,3
3215,3,3
3216,0,3
3217,0,2
3218,3,4
3219,0,3
3220,0,1
3221,4,3
3222,4,4
3223,4,4
3224,4,4
3225,1,1
3226,3,4
3227,0,1
3228,3,4
3229,0,1
3230,4,4
3231,2,2
3232,2,2
3233,2,2
3234,1,1
3235,2,2
3236,2,2
3237,1,2
3238,0,2
3239,2,2
3240,1,1
3241,3,3
3242,4,4
3243,3,3
3244,3,3
3245,2,2
3246,1,1
3247,3,3
3248,0,1
3249,1,1
3250,1,1
3251,1,1
3252,4,4
3253,3,3
3254,0,1
3255,1,1
3256,4,1
3257,3,4
3258,4,4
3259,3,3
3260,2,2
3261,3,3
3262,2,2
3263,4,4
3264,4,4
3265,4,3
3266,0,4
3267,0,3
3268,0,3
3269,0,1
3270,1,3
3271,3,3
3272,2,2
3273,0,3
3274,2,2
3275,3,3
3276,2,2
3277,3,3
3278,3,3
3279,4,4
3280,4,1
3281,3,4
3282,4,4
3283,1,4
3284,2,2
3285,1,1
3286,3,4
3287,1,1
3288,4,4
3289,3,3
3290,4,4
3291,3,4
3292,4,4
3293,4,4
3294,3,4
3295,3,3
3296,0,1
3297,1,4
3298,4,1
3299,0,1
3300,1,3
3301,1,1
3302,1,1
3303,2,2
3304,3,1
3305,3,3
3306,4,4
3307,4,1
3308,3,3
3309,2,2
3310,0,2
3311,0,4
3312,0,1
3313,0,1
3314,4,4
3315,1,1
3316,4,1
3317,3,1
3318,2,2
3319,2,2
3320,0,3
3321,2,2
3322,0,3
3323,2,2
3324,1,3
3325,0,3
3326,3,3
3327,0,2
3328,1,3
3329,1,1
3330,1,3
3331,0,3
3332,2,2
3333,0,3
3334,0,1
3335,4,3
3336,3,3
3337,2,2
3338,2,2
3339,2,2
3340,3,3
3341,2,2
3342,0,3
3343,4,4
3344,3,4
3345,0,1
3346,1,1
3347,1,1
3348,2,2
3349,0,2
3350,2,2
3351,2,3
3352,3,3
3353,2,2
3354,1,1
3355,2,3
3356,4,4
3357,3,4
3358,2,2
3359,1,1
3360,2,2
3361,2,2
3362,2,2
3363,0,2
3364,3,3
3365,4,4
3366,0,2
3367,0,2
3368,1,1
3369,4,4
3370,2,2
3371,0,4
3372,4,4
3373,2,2
3374,2,2
3375,0,4
3376,0,4
3377,2,2
3378,1,1
3379,1,1
3380,4,3
3381,3,3
3382,3,3
3383,4,4
3384,4,4
3385,3,1
3386,2,2
3387,0,3
3388,2,2
3389,1,1
3390,1,1
3391,4,3
3392,2,2
3393,0,4
3394,1,1
3395,0,4
3396,4,4
3397,3,3
3398,4,4
3399,1,1
3400,0,1
3401,1,1
3402,4,4
3403,0,4
3404,3,3
3405,4,4
3406,4,4
3407,4,3
3408,0,1
3409,3,1
3410,0,3
3411,0,3
3412,3,3
3413,4,4
3414,0,2
3415,4,4
3416,4,3
3417,2,2
3418,4,4
3419,0,3
3420,4,3
3421,4,4
3422,0,4
3423,0,3
3424,3,3
3425,2,2
3426,0,2
3427,0,4
3428,3,3
3429,1,1
3430,0,4
3431,3,3
3432,0,1
3433,3,3
3434,1,4
3435,0,1
3436,4,4
3437,1,1
3438,0,3
3439,4,4
3440,1,1
3441,0,3
3442,0,4
3443,2,2
3444,0,4
3445,0,1
3446,0,3
3447,1,1
3448,0,3
3449,3,3
3450,3,4
3451,1,1
3452,1,1
3453,0,1
3454,0,1
3455,1,1
3456,4,3
3457,4,4
3458,2,2
3459,3,3
3460,4,4
3461,3,4
3462,1,1
3463,2,2
3464,2,2
3465,2,2
3466,3,3
3467,4,3
3468,4,4
3469,2,2
3470,4,3
3471,3,4
3472,3,3
3473,0,4
3474,1,1
3475,1,1
3476,0,4
3477,0,4
3478,1,1
3479,4,4
3480,1,1
3481,1,1
3482,1,1
3483,0,3
3484,0,1
3485,1,1
3486,0,1
3487,4,4
3488,4,4
3489,3,3
3490,0,2
3491,2,2
3492,1,1
3493,3,3
3494,4,1
3495,1,1
3496,1,3
3497,0,4
3498,4,4
3499,2,2
3500,2,2
3501,1,1
3502,4,4
3503,0,4
3504,0,1
3505,1,1
3506,1,1
3507,4,4
3508,2,2
3509,3,3
3510,1,1
3511,1,1
3512,1,1
3513,4,4
3514,1,1
3515,2,2
3516,3,1
3517,1,1
3518,1,1
3519,1,1
3520,2,2
3521,0,2
3522,2,2
3523,2,2
3524,2,2
3525,1,1
3526,2,2
3527,1,1
3528,2,2
3529,1,1
3530,2,2
3531,2,2
3532,1,1
3533,4,4
3534,0,1
3535,2,2
3536,4,4
3537,1,1
3538,2,4
3539,0,3
3540,2,2
3541,3,1
3542,2,2
3543,4,3
3544,2,2
3545,2,2
3546,1,1
3547,1,1
3548,0,1
3549,3,3
3550,1,1
3551,2,2
3552,2,2
3553,1,1
3554,3,3
3555,0,3
3556,0,1
3557,1,3
3558,1,2
3559,0,1
3560,2,2
3561,2,2
3562,0,1
3563,2,2
3564,2,1
3565,1,4
3566,0,1
3567,3,3
3568,0,4
3569,2,2
3570,1,1
3571,2,1
3572,4,3
3573,0,1
3574,3,3
3575,0,4
3576,3,3
3577,4,3
3578,1,3
3579,2,2
3580,1,1
3581,4,3
3582,0,1
3583,0,3
3584,3,3
3585,2,2
3586,2,2
3587,2,2
3588,1,1
3589,4,4
3590,3,3
3591,1,1
3592,3,3
3593,3,3
3594,3,3
3595,1,1
3596,3,3
3597,2,2
3598,2,2
3599,1,1
3600,0,2
3601,3,3
3602,2,2
3603,4,4
3604,2,2
3605,1,1
3606,0,4
3607,1,1
3608,0,3
3609,0,1
3610,1,1
3611,4,4
3612,1,1
3613,0,4
3614,1,1
3615,0,4
3616,0,1
3617,1,3
3618,0,3
3619,0,2
3620,1,1
3621,2,2
3622,2,2
3623,1,1
3624,4,4
3625,3,3
3626,1,1
3627,2,2
3628,4,1
3629,3,3
3630,0,1
3631,2,2
3632,0,3
3633,0,3
3634,0,1
3635,0,3
3636,3,3
3637,2,2
3638,1,1
3639,3,1
3640,2,2
3641,3,3
3642,2,2
3643,4,4
3644,4,4
3645,0,1
3646,4,4
3647,0,2
3648,2,2
3649,4,1
3650,1,1
3651,1,1
3652,0,4
3653,0,4
3654,3,3
3655,1,1
3656,0,4
3657,3,3
3658,1,1
3659,0,3
3660,0,4
3661,1,1
3662,2,1
3663,3,1
3664,3,3
3665,3,4
3666,3,1
3667,2,2
3668,0,4
3669,4,4
3670,0,1
3671,4,4
3672,0,3
3673,4,3
3674,0,1
3675,3,3
3676,3,4
3677,4,4
3678,2,2
3679,1,1
3680,0,4
3681,4,3
3682,4,4
3683,3,3
3684,0,1
3685,0,3
3686,0,1
3687,1,1
3688,3,4
3689,2,1
3690,4,4
3691,4,4
3692,3,4
3693,3,3
3694,2,2
3695,0,3
3696,2,2
3697,4,1
3698,1,1
3699,1,1
3700,4,3
3701,3,3
3702,1,3
3703,3,4
3704,0,4
3705,2,2
3706,1,1
3707,4,4
3708,1,1
3709,1,4
3710,2,2
3711,1,1
3712,0,3
3713,3,3
3714,3,3
3715,4,4
3716,0,4
3717,3,3
3718,4,4
3719,2,1
3720,2,2
3721,0,3
3722,2,2
3723,2,4
3724,0,3
3725,3,3
3726,2,2
3727,4,4
3728,1,1
3729,0,3
3730,3,3
3731,0,4
3732,2,4
3733,4,4
3734,2,2
3735,2,2
3736,0,1
3737,2,2
3738,1,1
3739,4,4
3740,4,4
3741,2,2
3742,3,4
3743,3,3
3744,1,1
3745,2,2
3746,2,2
3747,2,1
3748,0,1
3749,2,2
3750,1,1
3751,3,3
3752,3,3
3753,3,3
3754,0,1
3755,2,3
3756,1,1
3757,0,1
3758,4,4
3759,1,1
3760,4,4
3761,3,4
3762,1,1
3763,4,1
3764,4,3
3765,4,3
3766,3,3
3767,4,4
3768,1,1
3769,2,2
3770,0,3
3771,3,3
3772,2,2
3773,0,2
3774,1,2
3775,1,1
3776,3,4
3777,4,4
3778,4,4
3779,3,3
3780,3,3
3781,0,4
3782,2,2
3783,0,1
3784,1,1
3785,1,1
3786,0,1
3787,1,1
3788,4,4
3789,0,4
3790,3,3
3791,1,1
3792,2,2
3793,2,2
3794,4,4
3795,2,2
3796,3,3
3797,4,3
3798,1,3
3799,0,2
3800,1,1
3801,0,4
3802,4,4
3803,4,4
3804,0,2
3805,0,3
3806,0,1
3807,0,2
3808,0,3
3809,2,2
3810,2,2
3811,1,1
3812,0,4
3813,0,3
3814,3,3
3815,1,1
3816,3,4
3817,0,4
3818,3,3
3819,0,4
3820,0,3
3821,2,2
3822,0,1
3823,3,3
3824,3,3
3825,4,4
3826,2,2
3827,3,3
3828,0,4
3829,4,4
3830,2,3
3831,0,4
3832,2,2
3833,1,1
3834,1,1
3835,3,4
3836,0,4
3837,2,2
3838,2,2
3839,1,1
3840,2,2
3841,0,2
3842,2,2
3843,3,3
3844,0,1
3845,0,1
3846,4,1
3847,3,4
3848,0,4
3849,0,2
3850,0,4
3851,0,1
3852,2,2
3853,0,2
3854,4,4
3855,3,3
3856,0,1
3857,3,1
3858,3,3
3859,2,2
3860,0,2
3861,1,1
3862,3,3
3863,3,3
3864,0,1
3865,3,3
3866,0,2
3867,3,3
3868,4,3
3869,3,3
3870,4,4
3871,4,3
3872,2,2
3873,0,4
3874,0,1
3875,1,1
3876,1,3
3877,0,1
3878,0,1
3879,1,1
3880,0,4
3881,0,3
3882,2,2
3883,0,1
3884,0,4
3885,2,2
3886,2,2
3887,0,1
3888,3,4
3889,4,4
3890,3,3
3891,0,3
3892,0,4
3893,2,2
3894,0,1
3895,0,2
3896,0,4
3897,2,2
3898,1,1
3899,2,2
3900,2,1
3901,2,1
3902,2,2
3903,3,3
3904,4,1
3905,0,1
3906,2,2
3907,0,1
3908,3,3
3909,0,2
3910,0,1
3911,0,1
3912,3,1
3913,0,1
3914,4,4
3915,0,1
3916,0,1
3917,4,1
3918,2,2
3919,1,1
3920,0,2
3921,0,1
3922,0,2
3923,4,4
3924,2,2
3925,2,2
3926,1,1
3927,0,2
3928,2,2
3929,1,1
3930,1,1
3931,1,1
3932,0,1
3933,0,2
3934,2,2
3935,3,3
3936,1,2
3937,2,2
3938,0,2
3939,2,2
3940,2,2
3941,1,3
3942,2,2
3943,2,2
3944,1,1
3945,2,2
3946,3,4
3947,2,2
3948,2,2
3949,0,1
3950,1,3
3951,4,4
3952,2,2
3953,2,2
3954,0,4
3955,3,4
3956,2,2
3957,1,1
3958,1,1
3959,1,1
3960,2,2
3961,1,1
3962,2,2
3963,2,2
3964,2,2
3965,4,4
3966,2,2
3967,2,2
3968,1,1
3969,4,3
3970,4,4
3971,4,3
3972,1,1
3973,2,2
3974,2,2
3975,3,3
3976,4,3
3977,3,3
3978,0,3
3979,2,2
3980,0,1
3981,1,1
3982,3,1
3983,2,2
3984,4,4
3985,4,4
3986,1,4
3987,4,4
3988,4,4
3989,0,3
3990,4,4
3991,3,3
3992,4,4
3993,1,1
3994,4,4
3995,4,4
3996,2,2
3997,2,2
3998,2,2
3999,1,4
4000,4,1
4001,4,3
4002,1,1
4003,3,3
4004,3,3
4005,0,4
4006,4,4
4007,0,3
4008,1,1
4009,4,3
4010,0,4
4011,1,1
4012,2,2
4013,4,4
4014,0,3
4015,3,3
4016,1,1
4017,1,4
4018,0,4
4019,2,2
4020,0,2
4021,4,3
4022,3,4
4023,0,3
4024,4,4
4025,3,3
4026,3,3
4027,3,3
4028,2,1
4029,3,1
4030,2,1
4031,3,4
4032,2,2
4033,1,1
4034,0,3
4035,3,2
4036,0,3
4037,2,3
4038,2,2
4039,1,1
4040,1,1
4041,2,2
4042,2,2
4043,2,2
4044,2,2
4045,1,1
4046,4,3
4047,2,2
4048,4,4
4049,4,4
4050,3,3
4051,2,2
4052,0,4
4053,0,3
4054,0,1
4055,2,2
4056,1,3
4057,1,3
4058,3,4
4059,0,4
4060,3,3
4061,3,3
4062,2,2
4063,1,1
4064,3,3
4065,2,2
4066,3,3
4067,2,2
4068,1,1
4069,1,1
4070,4,4
4071,4,4
4072,2,2
4073,4,4
4074,3,4
4075,3,3
4076,4,4
4077,0,1
4078,1,1
4079,3,3
4080,4,3
4081,4,1
4082,4,4
4083,4,4
4084,0,4
4085,4,4
4086,0,4
4087,4,4
4088,0,1
4089,2,1
4090,1,3
4091,4,4
4092,2,2
4093,2,2
4094,3,3
4095,0,2
4096,1,1
4097,3,3
4098,3,4
4099,0,3
4100,0,2
4101,3,4
4102,3,3
4103,4,1
4104,4,4
4105,1,1
4106,4,4
4107,4,1
4108,4,4
4109,0,1
4110,0,3
4111,3,3
4112,4,4
4113,2,2
4114,2,2
4115,4,4
4116,0,4
4117,3,3
4118,1,1
4119,1,1
4120,3,3
4121,1,4
4122,4,4
4123,3,4
4124,3,3
4125,2,2
4126,2,2
4127,2,2
4128,1,1
4129,0,3
4130,0,2
4131,3,3
4132,4,4
4133,3,3
4134,1,3
4135,1,1
4136,0,2
4137,3,3
4138,2,1
4139,4,3
4140,1,1
4141,4,4
4142,2,2
4143,2,2
4144,1,1
4145,2,2
4146,4,4
4147,1,1
4148,1,1
4149,0,4
4150,3,3
4151,3,4
4152,0,3
4153,4,4
4154,4,4
4155,1,1
4156,1,1
4157,1,1
4158,3,3
4159,3,3
4160,4,4
4161,3,3
4162,3,3
4163,1,1
4164,4,4
4165,3,3
4166,1,3
4167,3,3
4168,2,2
4169,3,3
4170,1,1
4171,0,2
4172,0,1
4173,3,3
4174,0,4
4175,4,4
4176,0,2
4177,1,1
4178,4,4
4179,1,1
4180,2,2
4181,2,2
4182,3,3
4183,2,1
4184,0,1
4185,4,4
4186,3,3
4187,4,4
4188,3,4
4189,0,1
4190,4,3
4191,0,2
4192,3,3
4193,2,2
4194,2,2
4195,3,4
4196,4,4
4197,2,2
4198,1,1
4199,3,3
4200,2,2
4201,4,4
4202,4,4
4203,2,2
4204,4,4
4205,2,2
4206,3,3
4207,2,2
4208,2,2
4209,1,1
4210,4,1
4211,4,3
4212,0,1
4213,0,1
4214,0,2
4215,0,3
4216,2,2
4217,0,3
4218,4,1
4219,4,4
4220,3,3
4221,2,2
4222,3,3
4223,3,4
4224,3,3
4225,2,2
4226,4,4
4227,2,4
4228,3,1
4229,3,3
4230,0,1
4231,0,4
4232,4,4
4233,4,4
4234,1,3
4235,2,1
4236,3,3
4237,3,3
4238,2,2
4239,2,2
4240,2,2
4241,2,2
4242,1,3
4243,3,3
4244,1,1
4245,0,4
4246,4,4
4247,0,1
4248,3,1
4249,0,4
4250,0,3
4251,0,1
4252,1,1
4253,4,4
4254,3,3
4255,0,3
4256,0,3
4257,3,3
4258,4,4
4259,1,4
4260,4,4
4261,0,2
4262,0,1
4263,3,1
4264,0,3
4265,0,4
4266,2,2
4267,4,4
4268,4,4
4269,0,4
4270,3,3
4271,3,4
4272,2,2
4273,4,4
4274,1,2
4275,0,2
4276,1,3
4277,2,2
4278,4,4
4279,3,4
4280,2,2
4281,2,2
4282,0,2
4283,4,1
4284,2,2
4285,3,3
4286,4,4
4287,1,1
4288,3,3
4289,3,3
4290,2,3
4291,0,1
4292,1,1
4293,3,3
4294,3,3
4295,4,4
4296,1,1
4297,0,2
4298,3,3
4299,2,2
4300,3,1
4301,2,2
4302,2,2
4303,2,1
4304,0,1
4305,3,3
4306,4,4
4307,4,4
4308,0,1
4309,3,3
4310,3,3
4311,0,3
4312,3,3
4313,0,4
4314,0,1
4315,2,2
4316,1,1
4317,4,4
4318,3,3
4319,4,4
4320,3,4
4321,0,4
4322,0,2
4323,0,4
4324,3,4
4325,4,4
4326,3,1
4327,0,3
4328,4,3
4329,2,2
4330,2,2
4331,2,2
4332,3,1
4333,0,4
4334,2,2
4335,0,1
4336,3,3
4337,1,1
4338,3,3
4339,1,1
4340,1,1
4341,0,3
4342,0,2
4343,0,4
4344,2,2
4345,1,1
4346,2,2
4347,4,4
4348,2,2
4349,2,2
4350,0,3
4351,2,2
4352,4,4
4353,0,2
4354,1,1
4355,3,3
4356,2,2
4357,0,3
4358,1,1
4359,2,1
4360,4,3
4361,4,1
4362,0,2
4363,0,2
4364,0,3
4365,2,2
4366,3,3
4367,3,3
4368,0,2
4369,2,2
4370,4,4
4371,2,2
4372,1,1
4373,1,1
4374,0,2
4375,1,1
4376,0,1
4377,1,1
4378,2,2
4379,1,1
4380,2,2
4381,1,1
4382,4,4
4383,4,4
4384,1,3
4385,2,2
4386,1,1
4387,1,1
4388,2,2
4389,3,3
4390,1,1
4391,0,3
4392,2,2
4393,3,3
4394,2,2
4395,0,3
4396,3,4
4397,3,1
4398,2,2
4399,1,1
4400,3,1
4401,3,3
4402,4,1
4403,0,3
4404,0,1
4405,0,2
4406,2,2
4407,3,1
4408,2,2
4409,3,3
4410,0,1
4411,2,2
4412,2,2
4413,3,3
4414,3,3
4415,0,1
4416,0,1
4417,1,1
4418,1,1
4419,2,2
4420,1,1
4421,2,2
4422,2,2
4423,1,1
4424,1,1
4425,2,2
4426,4,1
4427,1,1
4428,2,2
4429,2,2
4430,2,2
4431,3,1
4432,2,2
4433,0,2
4434,2,2
4435,2,2
4436,3,3
4437,3,3
4438,4,3
4439,2,2
4440,0,1
4441,0,3
4442,0,4
4443,4,4
4444,2,2
4445,1,1
4446,2,2
4447,2,2
4448,0,1
4449,0,3
4450,2,2
4451,0,2
4452,3,4
4453,1,1
4454,0,1
4455,2,2
4456,1,1
4457,1,1
4458,2,2
4459,2,2
4460,1,1
4461,2,2
4462,2,2
4463,0,1
4464,1,1
4465,2,4
4466,0,2
4467,1,1
4468,4,4
4469,1,1
4470,1,1
4471,4,4
4472,0,1
4473,3,3
4474,0,3
4475,3,3
4476,2,2
4477,2,2
4478,3,3
4479,3,3
4480,0,3
4481,0,4
4482,0,1
4483,4,4
4484,2,4
4485,4,1
4486,0,1
4487,0,3
4488,3,3
4489,4,4
4490,4,4
4491,3,3
4492,4,4
4493,2,2
4494,4,4
4495,0,4
4496,0,1
4497,0,3
4498,0,1
4499,4,4
4500,4,4
4501,2,2
4502,3,3
4503,0,4
4504,0,4
4505,4,3
4506,2,2
4507,4,4
4508,3,4
4509,3,3
4510,0,2
4511,3,3
4512,2,2
4513,1,1
4514,2,2
4515,4,4
4516,3,4
4517,1,2
4518,4,3
4519,3,3
4520,1,1
4521,3,1
4522,3,3
4523,2,2
4524,3,3
4525,2,2
4526,3,4
4527,2,2
4528,4,4
4529,3,1
4530,2,2
4531,4,1
4532,0,3
4533,2,2
4534,3,3
4535,0,1
4536,2,2
4537,3,3
4538,2,2
4539,4,1
4540,2,2
4541,1,2
4542,0,1
4543,3,3
4544,2,2
4545,0,1
4546,1,1
4547,0,4
4548,4,4
4549,1,1
4550,2,1
4551,3,4
4552,2,4
4553,3,3
4554,0,4
4555,3,3
4556,4,4
4557,3,3
4558,0,4
4559,1,1
4560,3,4
4561,3,3
4562,1,1
4563,3,3
4564,0,1
4565,3,4
4566,3,3
4567,3,3
4568,3,1
4569,3,3
4570,1,4
4571,1,1
4572,4,3
4573,3,3
4574,2,2
4575,1,1
4576,4,1
4577,4,4
4578,1,1
4579,1,1
4580,0,3
4581,0,3
4582,0,2
4583,4,4
4584,2,2
4585,3,4
4586,4,4
4587,1,2
4588,0,3
4589,3,4
4590,3,1
4591,1,1
4592,0,3
4593,3,3
4594,3,4
4595,4,4
4596,2,2
4597,0,4
4598,4,4
4599,1,1
4600,0,3
4601,3,4
4602,0,2
4603,1,1
4604,3,3
4605,4,4
4606,4,4
4607,0,2
4608,3,1
4609,4,4
4610,4,4
4611,2,4
4612,2,3
4613,2,1
4614,3,3
4615,2,2
4616,2,2
4617,1,1
4618,3,4
4619,3,3
4620,2,2
4621,2,1
4622,2,1
4623,4,4
4624,4,4
4625,2,1
4626,4,2
4627,2,2
4628,3,3
4629,2,2
4630,3,3
4631,2,2
4632,2,2
4633,1,2
4634,3,3
4635,2,2
4636,3,3
4637,2,2
4638,2,1
4639,3,3
4640,2,1
4641,2,2
4642,4,4
4643,1,1
4644,4,4
4645,2,1
4646,3,3
4647,2,2
4648,1,1
4649,2,4
4650,2,2
4651,4,1
4652,1,1
4653,3,3
4654,3,3
4655,2,1
4656,2,4
4657,1,1
4658,1,1
4659,2,2
4660,2,2
4661,2,2
4662,2,3
4663,4,4
4664,2,4
4665,2,1
4666,1,4
4667,1,1
4668,1,3
4669,1,1
4670,2,1
4671,3,3
4672,4,4
4673,4,1
4674,1,3
4675,4,4
4676,1,1
4677,4,4
4678,1,1
4679,4,4
4680,2,1
4681,2,3
4682,4,3
4683,2,4
4684,2,1
4685,1,3
4686,2,3
4687,3,3
4688,3,3
4689,3,3
4690,4,3
4691,1,2
4692,3,3
4693,1,1
4694,2,2
4695,4,4
4696,2,2
4697,2,2
4698,1,1
4699,2,2
4700,1,1
4701,1,1
4702,4,4
4703,2,2
4704,3,3
4705,4,4
4706,2,2
4707,4,4
4708,2,2
4709,4,1
4710,1,1
4711,2,2
4712,4,1
4713,2,1
4714,3,3
4715,2,4
4716,1,1
4717,1,1
4718,3,3
4719,4,1
4720,2,3
4721,4,1
4722,3,4
4723,3,3
4724,0,2
4725,2,2
4726,2,2
4727,3,1
4728,3,3
4729,2,2
4730,2,2
4731,2,2
4732,2,2
4733,2,2
4734,2,2
4735,2,1
4736,3,3
4737,4,1
4738,4,4
4739,1,4
4740,3,3
4741,4,4
4742,4,4
4743,2,4
4744,2,2
4745,2,4
4746,3,2
4747,3,3
4748,1,2
4749,1,1
4750,4,4
4751,3,3
4752,3,3
4753,1,1
4754,3,3
4755,4,4
4756,2,2
4757,1,3
4758,1,1
4759,3,3
4760,3,3
4761,4,4
4762,1,1
4763,4,4
4764,1,4
4765,1,1
4766,3,3
4767,3,3
4768,2,4
4769,3,3
4770,4,3
4771,2,2
4772,4,4
4773,2,2
4774,3,3
4775,4,1
4776,4,4
4777,4,4
4778,2,2
4779,2,4
4780,4,4
4781,2,2
4782,1,2
4783,2,3
4784,2,3
4785,4,4
4786,2,2
4787,2,2
4788,4,4
4789,1,1
4790,3,4
4791,1,1
4792,4,4
4793,2,4
4794,4,4
4795,3,3
4796,3,3
4797,4,4
4798,1,1
4799,3,3
4800,1,1
4801,1,1
4802,0,4
4803,1,1
4804,0,4
4805,1,1
4806,2,2
4807,4,4
4808,3,3
4809,0,2
4810,2,2
4811,0,3
4812,1,1
4813,0,1
4814,1,1
4815,0,1
4816,4,4
4817,0,1
4818,2,2
4819,0,4
4820,2,2
4821,1,1
4822,3,1
4823,0,3
4824,2,2
4825,0,3
4826,0,2
4827,4,4
4828,2,2
4829,0,3
4830,4,4
4831,0,2
4832,4,4
4833,0,3
4834,2,2
4835,1,1
4836,3,3
4837,3,3
4838,3,3
4839,1,1
4840,3,3
4841,0,3
4842,0,1
4843,4,2
4844,1,1
4845,4,4
4846,2,2
4847,0,1
4848,0,4
4849,2,2
4850,3,3
4851,3,4
4852,2,2
4853,1,1
4854,4,4
4855,1,2
4856,3,4
4857,3,3
4858,3,4
4859,1,1
4860,0,1
4861,4,4
4862,1,1
4863,3,3
4864,3,1
4865,3,3
4866,0,3
4867,3,4
4868,1,4
4869,2,2
4870,3,4
4871,0,4
4872,1,1
4873,4,4
4874,0,1
4875,1,1
4876,2,2
4877,2,2
4878,3,4
4879,2,2
4880,2,2
4881,4,1
4882,1,1
4883,1,2
4884,0,4
4885,2,2
4886,4,4
4887,1,1
4888,0,2
4889,4,4
4890,2,2
4891,0,1
4892,4,4
4893,0,2
4894,1,1
4895,2,2
4896,2,2
4897,2,2
4898,1,1
4899,4,4
4900,2,2
4901,1,1
4902,2,2
4903,2,3
4904,1,2
4905,4,4
4906,2,2
4907,3,3
4908,2,2
4909,3,3
4910,1,1
4911,1,1
4912,2,2
4913,2,2
4914,2,2
4915,2,2
4916,4,4
4917,4,3
4918,2,4
4919,1,1
4920,2,2
4921,2,2
4922,1,4
4923,4,1
4924,1,1
4925,1,1
4926,1,2
4927,1,1
4928,2,2
4929,4,4
4930,1,3
4931,2,2
4932,3,3
4933,4,4
4934,2,2
4935,3,3
4936,2,2
4937,4,4
4938,2,1
4939,1,2
4940,2,1
4941,3,3
4942,3,3
4943,4,4
4944,3,3
4945,1,4
4946,1,1
4947,2,2
4948,4,4
4949,1,1
4950,4,4
4951,4,3
4952,2,2
4953,4,3
4954,2,2
4955,2,2
4956,3,3
4957,2,2
4958,4,4
4959,3,4
4960,3,3
4961,4,4
4962,3,3
4963,3,3
4964,4,3
4965,2,2
4966,4,4
4967,3,3
4968,1,1
4969,2,2
4970,2,3
4971,2,2
4972,1,1
4973,1,3
4974,2,2
4975,2,2
4976,3,3
4977,3,3
4978,2,2
4979,2,4
4980,2,3
4981,1,3
4982,3,3
4983,1,1
4984,4,4
4985,3,3
4986,2,2
4987,3,3
4988,3,3
4989,1,4
4990,3,3
4991,4,1
4992,4,3
4993,1,1
4994,2,2
4995,2,3
4996,2,2
4997,2,2
4998,3,1
4999,2,2
5000,3,3
5001,4,3
5002,3,3
5003,2,2
5004,4,4
5005,3,3
5006,2,2
5007,4,4
5008,3,3
5009,2,1
5010,2,2
5011,3,1
5012,2,1
5013,1,1
5014,2,4
5015,1,1
5016,2,2
5017,2,2
5018,2,2
5019,3,3
5020,3,3
5021,3,3
5022,2,2
5023,2,2
5024,4,4
5025,2,2
5026,3,3
5027,2,2
5028,2,2
5029,3,3
5030,2,2
5031,2,2
5032,3,3
5033,3,3
5034,1,1
5035,2,3
5036,3,3
5037,4,4
5038,2,2
5039,4,4
5040,1,1
5041,3,3
5042,1,1
5043,1,1
5044,3,4
5045,1,3
5046,3,4
5047,2,2
5048,3,3
5049,3,4
5050,2,2
5051,3,3
5052,2,3
5053,2,2
5054,4,4
5055,3,3
5056,1,1
5057,4,4
5058,2,2
5059,2,2
5060,3,3
5061,3,4
5062,2,2
5063,3,3
5064,3,3
5065,4,3
5066,3,4
5067,2,2
5068,1,3
5069,1,1
5070,1,1
5071,1,3
5072,2,2
5073,4,4
5074,2,2
5075,3,3
5076,4,3
5077,3,3
5078,3,3
5079,1,1
5080,2,2
5081,2,4
5082,3,4
5083,1,1
5084,4,3
5085,3,3
5086,2,2
5087,1,1
5088,3,3
5089,4,4
5090,1,1
5091,3,3
5092,4,4
5093,2,3
5094,4,4
5095,3,4
5096,2,2
5097,1,1
5098,2,2
5099,2,2
5100,2,2
5101,4,4
5102,2,4
5103,3,3
5104,4,4
5105,1,2
5106,3,3
5107,3,3
5108,1,1
5109,3,3
5110,3,3
5111,2,2
5112,1,4
5113,1,1
5114,3,3
5115,4,4
5116,4,4
5117,1,1
5118,3,3
5119,2,1
5120,3,3
5121,2,2
5122,1,1
5123,1,1
5124,1,4
5125,3,1
5126,4,1
5127,3,3
5128,1,4
5129,2,1
5130,4,3
5131,4,4
5132,3,4
5133,1,4
5134,3,3
5135,2,4
5136,4,4
5137,3,4
5138,3,3
5139,3,4
5140,3,4
5141,4,4
5142,4,4
5143,3,1
5144,2,3
5145,4,4
5146,1,4
5147,1,3
5148,4,4
5149,4,4
5150,3,3
5151,3,1
5152,4,4
5153,1,4
5154,3,3
5155,4,4
5156,1,1
5157,4,1
5158,2,2
5159,3,3
5160,3,4
5161,3,3
5162,4,4
5163,3,3
5164,1,1
5165,4,1
5166,3,3
5167,4,4
5168,2,4
5169,2,2
5170,3,1
5171,2,4
5172,4,4
5173,3,3
5174,1,3
5175,1,1
5176,3,3
5177,3,3
5178,4,4
5179,2,2
5180,4,4
5181,1,4
5182,3,4
5183,4,4
5184,2,2
5185,2,1
5186,4,4
5187,2,4
5188,4,4
5189,2,1
5190,2,4
5191,1,4
5192,1,1
5193,4,4
5194,1,1
5195,2,2
5196,0,2
5197,2,4
5198,3,3
5199,0,2
5200,3,3
5201,0,2
5202,1,1
5203,2,2
5204,4,1
5205,3,3
5206,0,2
5207,3,1
5208,1,1
5209,1,1
5210,2,2
5211,2,2
5212,0,2
5213,0,2
5214,2,2
5215,2,2
5216,0,2
5217,3,3
5218,2,3
5219,2,2
5220,1,1
5221,2,2
5222,2,1
5223,1,3
5224,3,3
5225,3,3
5226,3,3
5227,2,2
5228,1,1
5229,2,2
5230,2,2
5231,1,1
5232,2,1
5233,3,3
5234,2,4
5235,2,2
5236,1,1
5237,1,1
5238,1,1
5239,2,4
5240,2,2
5241,2,2
5242,2,2
5243,2,2
5244,2,1
5245,3,3
5246,1,1
5247,2,1
5248,1,1
5249,2,2
5250,1,1
5251,1,1
5252,2,1
5253,3,3
5254,2,2
5255,2,1
5256,2,1
5257,1,1
5258,2,1
5259,3,3
5260,3,3
5261,4,4
5262,2,2
5263,2,2
5264,2,1
5265,2,4
5266,3,4
5267,3,3
5268,2,2
5269,2,2
5270,2,2
5271,2,3
5272,4,1
5273,1,1
5274,2,3
5275,3,1
5276,4,4
5277,4,1
5278,2,3
5279,2,2
5280,2,2
5281,3,3
5282,3,3
5283,3,3
5284,3,3
5285,2,2
5286,4,3
5287,2,1
5288,1,1
5289,2,4
5290,2,2
5291,2,2
5292,2,1
5293,3,3
5294,3,4
5295,2,2
5296,1,3
5297,1,1
5298,3,4
5299,2,4
5300,3,3
5301,3,3
5302,3,3
5303,3,3
5304,4,3
5305,1,1
5306,3,4
5307,4,4
5308,4,4
5309,4,3
5310,3,3
5311,1,1
5312,4,4
5313,4,4
5314,3,3
5315,3,3
5316,3,3
5317,3,3
5318,4,4
5319,4,4
5320,2,2
5321,1,1
5322,3,3
5323,1,4
5324,4,4
5325,4,4
5326,4,4
5327,4,4
5328,2,2
5329,4,4
5330,4,4
5331,4,4
5332,4,4
5333,2,2
5334,3,3
5335,2,2
5336,3,3
5337,3,3
5338,3,1
5339,4,4
5340,3,4
5341,4,4
5342,4,4
5343,4,4
5344,3,3
5345,3,3
5346,4,4
5347,3,3
5348,4,4
5349,2,2
5350,4,1
5351,3,3
5352,4,4
5353,2,2
5354,3,3
5355,4,4
5356,2,2
5357,1,1
5358,1,4
5359,2,1
5360,1,1
5361,2,1
5362,2,4
5363,2,2
5364,3,3
5365,1,3
5366,4,3
5367,3,3
5368,3,4
5369,2,2
5370,4,1
5371,3,3
5372,3,3
5373,3,4
5374,2,4
5375,3,3
5376,3,3
5377,2,4
5378,2,2
5379,1,1
5380,1,1
5381,1,3
5382,3,3
5383,4,4
5384,2,1
5385,1,1
5386,4,4
5387,4,4
5388,4,4
5389,4,4
5390,2,2
5391,4,4
5392,4,4
5393,4,3
5394,4,4
5395,4,4
5396,4,4
5397,3,3
5398,3,4
5399,3,4
5400,3,3
5401,3,2
5402,2,2
5403,4,4
5404,3,3
5405,3,3
5406,3,3
5407,2,2
5408,2,2
5409,4,4
5410,3,4
5411,3,4
5412,2,4
5413,1,1
5414,4,3
5415,3,4
5416,2,1
5417,4,4
5418,4,4
5419,3,3
5420,3,3
5421,1,1
5422,3,4
5423,4,4
5424,3,3
5425,2,2
5426,3,2
5427,3,3
5428,4,4
5429,2,4
5430,4,1
5431,2,2
5432,2,3
5433,3,3
5434,4,3
5435,3,4
5436,1,4
5437,4,4
5438,2,2
5439,4,4
5440,3,4
5441,3,1
5442,4,1
5443,3,4
5444,1,2
5445,3,1
5446,1,1
5447,4,4
5448,1,3
5449,3,3
5450,1,2
5451,3,3
5452,2,1
5453,4,4
5454,4,4
5455,3,1
5456,4,4
5457,2,2
5458,3,4
5459,2,2
5460,2,2
5461,3,3
5462,4,4
5463,2,4
5464,3,1
5465,4,4
5466,4,3
5467,4,4
5468,2,2
5469,3,4
5470,4,4
5471,4,3
5472,1,1
5473,3,3
5474,2,2
5475,2,3
5476,3,3
5477,3,3
5478,4,4
5479,2,2
5480,4,3
5481,4,4
5482,3,3
5483,2,4
5484,3,3
5485,2,2
5486,3,4
5487,4,4
5488,1,1
5489,3,1
5490,3,3
5491,2,2
5492,2,2
5493,3,3
5494,4,3
5495,2,2
5496,3,3
5497,2,2
5498,1,1
5499,3,3
5500,3,2
5501,1,1
5502,3,3
5503,3,3
5504,2,2
5505,3,3
5506,3,3
5507,4,3
5508,2,2
5509,4,4
5510,2,2
5511,1,1
5512,4,4
5513,4,4
5514,1,1
5515,2,4
5516,4,4
5517,1,1
5518,1,1
5519,3,3
5520,3,3
5521,1,1
5522,1,1
5523,2,2
5524,3,3
5525,3,3
5526,4,4
5527,4,4
5528,1,1
5529,2,3
5530,2,2
5531,3,3
5532,1,4
5533,4,3
5534,4,4
5535,1,1
5536,3,3
5537,2,2
5538,4,4
5539,2,2
5540,1,1
5541,3,3
5542,1,3
5543,3,3
5544,2,2
5545,1,1
5546,3,4
5547,4,4
5548,2,2
5549,3,3
5550,1,1
5551,4,1
5552,4,4
5553,2,2
5554,2,1
5555,3,3
5556,4,4
5557,4,4
5558,2,2
5559,4,4
5560,3,3
5561,2,2
5562,1,1
5563,3,3
5564,2,2
5565,1,1
5566,4,4
5567,1,1
5568,4,4
5569,1,1
5570,2,2
5571,2,2
5572,2,2
5573,2,2
5574,4,3
5575,3,3
5576,1,1
5577,2,2
5578,2,2
5579,1,1
5580,2,1
5581,3,3
5582,2,4
5583,4,3
5584,2,2
5585,1,1
5586,2,2
5587,4,3
5588,4,4
5589,1,1
5590,1,1
5591,3,3
5592,4,3
5593,3,3
5594,3,3
5595,2,2
5596,1,1
5597,1,1
5598,3,1
5599,2,4
5600,2,2
5601,3,3
5602,3,3
5603,1,3
5604,4,4
5605,4,4
5606,4,4
5607,2,2
5608,1,1
5609,4,1
5610,4,4
5611,3,1
5612,4,4
5613,1,1
5614,1,1
5615,1,1
5616,1,1
5617,3,4
5618,3,1
5619,3,3
5620,4,4
5621,4,4
5622,3,3
5623,3,4
5624,3,3
5625,2,2
5626,4,4
5627,3,4
5628,3,4
5629,3,3
5630,3,4
5631,1,1
5632,2,2
5633,1,1
5634,1,1
5635,1,4
5636,3,3
5637,2,2
5638,2,1
5639,3,3
5640,4,4
5641,1,3
5642,1,1
5643,1,1
5644,2,2
5645,3,1
5646,2,2
5647,1,1
5648,1,1
5649,2,2
5650,1,1
5651,3,3
5652,4,4
5653,4,4
5654,2,2
5655,2,2
5656,1,1
5657,2,2
5658,3,3
5659,2,2
5660,1,4
5661,1,1
5662,2,2
5663,3,4
5664,2,2
5665,2,2
5666,2,2
5667,1,3
5668,4,4
5669,2,2
5670,2,2
5671,2,2
5672,2,2
5673,1,1
5674,2,2
5675,1,3
5676,2,2
5677,2,2
5678,2,2
5679,4,3
5680,2,2
5681,1,2
5682,3,4
5683,1,1
5684,4,4
5685,4,4
5686,3,1
5687,2,4
5688,1,4
5689,2,2
5690,1,1
5691,3,3
5692,4,4
5693,3,2
5694,2,2
5695,2,2
5696,1,1
5697,2,2
5698,4,4
5699,4,4
5700,2,2
5701,1,1
5702,1,3
5703,2,2
5704,3,1
5705,4,4
5706,2,2
5707,2,2
5708,2,2
5709,3,3
5710,2,2
5711,4,1
5712,1,1
5713,2,2
5714,2,2
5715,2,2
5716,1,1
5717,1,1
5718,2,1
5719,4,4
5720,4,4
5721,2,2
5722,2,2
5723,1,1
5724,2,2
5725,2,2
5726,4,1
5727,3,1
5728,4,4
5729,2,2
5730,3,3
5731,4,4
5732,2,2
5733,1,1
5734,2,4
5735,2,2
5736,2,2
5737,3,4
5738,3,4
5739,1,4
5740,3,3
5741,3,1
5742,4,3
5743,4,4
5744,1,1
5745,1,1
5746,2,2
5747,1,1
5748,4,4
5749,4,3
5750,2,2
5751,3,3
5752,3,3
5753,4,4
5754,4,4
5755,1,4
5756,3,3
5757,3,3
5758,4,4
5759,3,3
5760,3,4
5761,3,3
5762,2,2
5763,3,4
5764,3,3
5765,2,2
5766,2,2
5767,3,3
5768,3,4
5769,3,4
5770,4,4
5771,4,1
5772,3,3
5773,4,4
5774,4,3
5775,3,4
5776,3,3
5777,3,3
5778,4,3
5779,1,1
5780,1,4
5781,1,1
5782,2,2
5783,4,4
5784,3,4
5785,2,2
5786,3,3
5787,1,1
5788,4,4
5789,3,4
5790,2,2
5791,2,2
5792,3,3
5793,4,4
5794,4,4
5795,4,4
5796,1,1
5797,1,1
5798,3,1
5799,2,2
5800,1,1
5801,4,4
5802,2,2
5803,2,2
5804,2,2
5805,4,3
5806,1,1
5807,1,1
5808,3,3
5809,1,1
5810,1,1
5811,4,4
5812,2,2
5813,1,1
5814,3,3
5815,3,3
5816,1,1
5817,4,4
5818,2,2
5819,1,1
5820,4,4
5821,2,2
5822,2,2
5823,1,1
5824,1,1
5825,1,1
5826,4,4
5827,4,4
5828,1,1
5829,3,3
5830,4,4
5831,4,3
5832,4,4
5833,2,2
5834,1,1
5835,3,3
5836,3,3
5837,3,3
5838,3,3
5839,1,2
5840,3,3
5841,4,3
5842,3,2
5843,3,3
5844,4,3
5845,2,2
5846,4,4
5847,4,4
5848,1,4
5849,4,4
5850,4,4
5851,3,3
5852,4,3
5853,4,4
5854,4,4
5855,4,4
5856,1,1
5857,3,3
5858,4,4
5859,4,4
5860,2,2
5861,4,4
5862,4,4
5863,3,3
5864,4,4
5865,4,4
5866,3,3
5867,4,4
5868,3,3
5869,4,4
5870,3,3
5871,1,1
5872,3,3
5873,2,2
5874,1,1
5875,1,1
5876,4,4
5877,4,4
5878,2,2
5879,1,1
5880,3,1
5881,4,4
5882,2,2
5883,2,2
5884,3,3
5885,3,1
5886,3,1
5887,3,1
5888,2,2
5889,1,1
5890,1,1
5891,4,4
5892,3,1
5893,2,1
5894,3,3
5895,1,1
5896,4,4
5897,3,4
5898,1,1
5899,2,2
5900,4,4
5901,1,3
5902,3,3
5903,2,4
5904,2,4
5905,2,2
5906,2,2
5907,4,4
5908,3,3
5909,2,2
5910,1,1
5911,1,1
5912,4,4
5913,4,4
5914,1,1
5915,2,2
5916,3,3
5917,4,1
5918,4,4
5919,4,4
5920,3,3
5921,4,1
5922,3,3
5923,1,1
5924,3,3
5925,4,4
5926,3,3
5927,4,4
5928,1,1
5929,1,1
5930,4,1
5931,4,4
5932,4,4
5933,3,3
5934,3,3
5935,3,3
5936,4,1
5937,3,3
5938,1,3
5939,1,1
5940,3,1
5941,3,3
5942,2,1
5943,3,3
5944,3,3
5945,3,4
5946,1,1
5947,3,3
5948,4,4
5949,2,2
5950,2,2
5951,3,3
5952,1,1
5953,3,3
5954,1,1
5955,2,2
5956,3,3
5957,1,1
5958,2,2
5959,3,1
5960,2,2
5961,4,4
5962,1,1
5963,3,3
5964,2,2
5965,3,4
5966,3,1
5967,2,2
5968,2,2
5969,1,4
5970,4,3
5971,2,2
5972,3,3
5973,1,1
5974,4,1
5975,2,1
5976,1,2
5977,2,2
5978,2,2
5979,3,3
5980,3,3
5981,2,2
5982,3,1
5983,3,1
5984,4,4
5985,1,1
5986,1,1
5987,3,3
5988,3,3
5989,2,4
5990,1,1
5991,2,2
5992,1,1
5993,1,1
5994,1,1
5995,3,3
5996,3,3
5997,3,3
5998,2,2
5999,3,3
6000,2,2
6001,4,3
6002,3,3
6003,1,1
6004,3,4
6005,2,2
6006,3,3
6007,1,3
6008,2,2
6009,4,4
6010,3,4
6011,4,3
6012,3,4
6013,1,1
6014,3,3
6015,4,4
6016,3,3
6017,4,4
6018,4,4
6019,4,4
6020,2,2
6021,4,4
6022,3,3
6023,4,3
6024,3,3
6025,3,3
6026,3,3
6027,4,4
6028,3,3
6029,1,3
6030,2,2
6031,3,4
6032,3,4
6033,1,1
6034,2,2
6035,4,4
6036,4,4
6037,3,4
6038,2,3
6039,4,4
6040,1,2
6041,2,2
6042,1,1
6043,3,3
6044,4,3
6045,1,1
6046,1,1
6047,1,1
6048,1,1
6049,1,1
6050,3,3
6051,3,3
6052,3,3
6053,2,2
6054,3,3
6055,3,3
6056,4,4
6057,2,2
6058,2,2
6059,3,1
6060,4,4
6061,2,2
6062,4,1
6063,3,4
6064,1,4
6065,3,3
6066,1,1
6067,3,3
6068,1,3
6069,3,4
6070,3,3
6071,3,3
6072,4,4
6073,3,3
6074,2,2
6075,3,3
6076,1,1
6077,2,2
6078,2,2
6079,4,4
6080,3,3
6081,4,4
6082,4,4
6083,3,4
6084,3,3
6085,4,3
6086,4,4
6087,3,4
6088,2,2
6089,3,4
6090,2,1
6091,2,2
6092,3,3
6093,2,2
6094,2,1
6095,3,4
6096,4,4
6097,3,3
6098,4,4
6099,2,1
6100,1,1
6101,4,3
6102,3,3
6103,2,2
6104,4,3
6105,3,3
6106,3,3
6107,2,2
6108,1,1
6109,3,1
6110,3,3
6111,3,4
6112,2,2
6113,3,4
6114,3,3
6115,1,1
6116,3,4
6117,3,3
6118,1,3
6119,2,2
6120,1,1
6121,1,1
6122,2,2
6123,3,3
6124,1,1
6125,3,3
6126,4,4
6127,3,4
6128,2,2
6129,1,2
6130,4,4
6131,3,1
6132,3,3
6133,1,4
6134,1,1
6135,2,1
6136,2,2
6137,1,1
6138,4,3
6139,3,3
6140,4,4
6141,4,4
6142,3,4
6143,3,3
6144,1,1
6145,4,4
6146,1,1
6147,2,2
6148,2,2
6149,2,2
6150,1,1
6151,2,1
6152,2,2
6153,2,2
6154,2,2
6155,4,4
6156,2,2
6157,2,2
6158,2,2
6159,1,1
6160,1,1
6161,4,1
6162,1,3
6163,2,2
6164,2,2
6165,2,2
6166,1,3
6167,1,1
6168,4,4
6169,1,4
6170,3,3
6171,2,2
6172,2,2
6173,2,2
6174,3,3
6175,2,2
6176,1,1
6177,1,1
6178,1,1
6179,2,2
6180,2,2
6181,3,3
6182,2,3
6183,2,2
6184,3,3
6185,2,2
6186,4,3
6187,2,2
6188,2,2
6189,2,2
6190,1,1
6191,2,2
6192,1,1
6193,3,3
6194,1,3
6195,2,2
6196,2,2
6197,3,3
6198,1,1
6199,2,2
6200,2,2
6201,4,4
6202,2,2
6203,4,1
6204,3,3
6205,1,1
6206,3,1
6207,4,1
6208,3,3
6209,3,3
6210,2,2
6211,1,1
6212,1,1
6213,1,1
6214,1,1
6215,2,2
6216,4,1
6217,1,3
6218,2,2
6219,1,1
6220,4,4
6221,4,4
6222,1,1
6223,3,3
6224,2,2
6225,3,3
6226,2,2
6227,3,3
6228,2,2
6229,1,1
6230,4,3
6231,3,3
6232,4,4
6233,2,2
6234,4,1
6235,3,3
6236,3,3
6237,2,2
6238,2,2
6239,4,1
6240,1,1
6241,3,4
6242,4,3
6243,3,3
6244,3,3
6245,1,3
6246,3,3
6247,4,4
6248,3,4
6249,1,3
6250,3,3
6251,4,4
6252,2,1
6253,4,1
6254,1,1
6255,1,1
6256,4,1
6257,3,3
6258,2,2
6259,3,3
6260,4,4
6261,4,4
6262,4,4
6263,3,4
6264,1,1
6265,2,2
6266,3,3
6267,3,1
6268,2,3
6269,4,4
6270,4,4
6271,2,2
6272,3,3
6273,3,3
6274,3,3
6275,1,4
6276,4,4
6277,4,3
6278,2,2
6279,3,4
6280,2,2
6281,3,4
6282,1,1
6283,3,4
6284,4,3
6285,4,3
6286,3,3
6287,1,1
6288,4,4
6289,4,4
6290,2,2
6291,3,3
6292,3,3
6293,3,1
6294,4,3
6295,4,4
6296,2,2
6297,3,3
6298,3,4
6299,2,2
6300,4,4
6301,3,3
6302,2,2
6303,2,2
6304,2,2
6305,2,2
6306,4,1
6307,4,4
6308,2,2
6309,1,1
6310,4,4
6311,3,3
6312,4,4
6313,4,4
6314,3,4
6315,4,4
6316,4,4
6317,1,1
6318,4,4
6319,1,4
6320,4,2
6321,3,4
6322,1,1
6323,3,4
6324,2,4
6325,1,1
6326,1,4
6327,2,2
6328,3,1
6329,2,2
6330,2,2
6331,2,2
6332,2,2
6333,1,1
6334,2,2
6335,1,1
6336,2,3
6337,3,3
6338,1,1
6339,1,1
6340,1,1
6341,2,2
6342,1,1
6343,1,3
6344,4,1
6345,1,4
6346,4,3
6347,3,4
6348,1,3
6349,3,3
6350,3,3
6351,4,4
6352,3,4
6353,1,1
6354,1,1
6355,3,3
6356,4,4
6357,2,2
6358,3,3
6359,2,2
6360,3,3
6361,2,2
6362,3,1
6363,4,3
6364,3,3
6365,1,3
6366,4,4
6367,2,2
6368,2,2
6369,4,4
6370,1,3
6371,4,4
6372,4,4
6373,4,4
6374,3,3
6375,2,2
6376,2,2
6377,2,2
6378,1,1
6379,3,3
6380,3,3
6381,3,3
6382,3,3
6383,3,3
6384,1,1
6385,1,1
6386,3,3
6387,1,1
6388,2,2
6389,4,4
6390,4,4
6391,2,2
6392,4,4
6393,4,1
6394,4,4
6395,1,1
6396,2,2
6397,2,2
6398,4,3
6399,1,3
6400,2,2
6401,4,4
6402,1,1
6403,2,2
6404,1,1
6405,2,2
6406,1,2
6407,3,3
6408,2,2
6409,2,2
6410,2,2
6411,4,4
6412,2,2
6413,4,1
6414,1,1
6415,1,1
6416,3,3
6417,1,1
6418,1,1
6419,1,1
6420,2,2
6421,1,1
6422,2,2
6423,2,2
6424,2,2
6425,2,2
6426,2,2
6427,2,2
6428,4,3
6429,2,2
6430,1,1
6431,1,1
6432,2,2
6433,1,1
6434,2,2
6435,1,1
6436,3,3
6437,4,4
6438,3,3
6439,3,3
6440,3,3
6441,4,4
6442,4,1
6443,1,3
6444,1,1
6445,2,2
6446,1,3
6447,1,4
6448,1,1
6449,2,1
6450,4,1
6451,4,4
6452,1,1
6453,2,2
6454,4,4
6455,3,3
6456,2,2
6457,1,1
6458,4,3
6459,3,3
6460,2,2
6461,3,3
6462,1,3
6463,2,3
6464,4,4
6465,3,3
6466,1,1
6467,4,4
6468,4,1
6469,1,1
6470,3,3
6471,2,2
6472,2,2
6473,2,2
6474,4,1
6475,4,4
6476,3,3
6477,3,3
6478,4,3
6479,2,2
6480,1,1
6481,1,1
6482,1,1
6483,2,2
6484,1,1
6485,3,3
6486,4,4
6487,2,2
6488,1,1
6489,1,1
6490,1,1
6491,2,2
6492,4,3
6493,2,4
6494,3,3
6495,2,2
6496,2,2
6497,4,4
6498,1,1
6499,2,2
6500,2,2
6501,1,4
6502,1,1
6503,2,2
6504,2,3
6505,4,4
6506,2,2
6507,4,4
6508,2,2
6509,1,3
6510,3,1
6511,3,3
6512,3,3
6513,4,1
6514,4,4
6515,1,1
6516,2,2
6517,4,1
6518,1,1
6519,2,1
6520,2,2
6521,2,2
6522,1,3
6523,2,2
6524,4,1
6525,3,3
6526,2,2
6527,1,1
6528,2,2
6529,2,2
6530,2,2
6531,2,2
6532,2,4
6533,3,3
6534,2,2
6535,2,2
6536,3,3
6537,2,2
6538,2,2
6539,2,2
6540,4,4
6541,3,3
6542,2,2
6543,4,3
6544,1,1
6545,1,1
6546,1,1
6547,2,2
6548,2,2
6549,2,2
6550,1,1
6551,2,2
6552,1,1
6553,4,4
6554,2,2
6555,3,3
6556,4,3
6557,1,1
6558,4,4
6559,4,4
6560,1,1
6561,4,4
6562,4,3
6563,4,4
6564,4,4
6565,4,1
6566,4,3
6567,1,3
6568,4,4
6569,4,4
6570,2,2
6571,2,2
6572,4,4
6573,4,3
6574,2,2
6575,3,3
6576,3,4
6577,4,1
6578,2,2
6579,1,1
6580,3,1
6581,1,1
6582,4,4
6583,4,3
6584,3,3
6585,2,2
6586,3,3
6587,3,3
6588,1,1
6589,1,1
6590,3,4
6591,2,2
6592,3,3
6593,4,3
6594,3,3
6595,4,4
6596,1,1
6597,4,3
6598,1,1
6599,3,3
6600,3,4
6601,2,2
6602,2,2
6603,1,1
6604,2,2
6605,4,4
6606,3,3
6607,2,2
6608,1,1
6609,2,2
6610,2,2
6611,4,4
6612,2,2
6613,3,3
6614,4,4
6615,4,4
6616,4,1
6617,2,2
6618,4,4
6619,1,1
6620,1,1
6621,2,2
6622,3,3
6623,2,2
6624,4,3
6625,2,2
6626,1,1
6627,1,1
6628,2,2
6629,2,2
6630,4,3
6631,3,3
6632,2,2
6633,1,1
6634,1,1
6635,3,3
6636,3,3
6637,3,3
6638,3,3
6639,3,1
6640,3,3
6641,4,1
6642,3,3
6643,3,4
6644,1,1
6645,3,3
6646,2,2
6647,3,3
6648,4,4
6649,4,4
6650,4,4
6651,3,1
6652,4,4
6653,2,2
6654,4,4
6655,2,2
6656,4,4
6657,4,4
6658,2,2
6659,1,1
6660,4,4
6661,2,2
6662,3,3
6663,3,1
6664,4,3
6665,2,2
6666,4,3
6667,3,3
6668,1,1
6669,2,2
6670,3,1
6671,4,4
6672,3,3
6673,4,4
6674,4,4
6675,3,3
6676,2,2
6677,2,2
6678,3,3
6679,1,1
6680,4,4
6681,3,3
6682,2,2
6683,4,1
6684,3,3
6685,2,2
6686,4,4
6687,4,4
6688,2,2
6689,2,2
6690,1,1
6691,3,3
6692,3,3
6693,2,2
6694,4,3
6695,3,3
6696,4,3
6697,2,2
6698,1,1
6699,1,1
6700,1,1
6701,1,1
6702,4,4
6703,3,3
6704,2,2
6705,2,1
6706,3,3
6707,4,4
6708,3,3
6709,4,4
6710,2,2
6711,4,1
6712,4,3
6713,4,3
6714,3,3
6715,4,4
6716,1,1
6717,1,1
6718,4,4
6719,3,1
6720,3,4
6721,4,4
6722,1,3
6723,2,2
6724,2,4
6725,3,3
6726,3,3
6727,4,3
6728,2,2
6729,3,3
6730,1,3
6731,4,4
6732,4,4
6733,2,2
6734,1,1
6735,3,1
6736,2,2
6737,2,2
6738,3,3
6739,1,1
6740,3,3
6741,2,2
6742,2,2
6743,3,3
6744,1,1
6745,1,1
6746,1,1
6747,2,2
6748,2,2
6749,4,3
6750,2,2
6751,4,4
6752,3,3
6753,4,4
6754,4,4
6755,2,2
6756,4,4
6757,4,1
6758,4,4
6759,4,4
6760,3,4
6761,3,4
6762,4,4
6763,4,4
6764,4,4
6765,4,4
6766,4,4
6767,3,1
6768,3,3
6769,4,4
6770,2,2
6771,1,1
6772,1,1
6773,4,4
6774,4,4
6775,4,4
6776,2,2
6777,1,1
6778,1,1
6779,4,3
6780,4,4
6781,4,4
6782,4,4
6783,3,4
6784,4,4
6785,3,3
6786,4,4
6787,2,2
6788,4,4
6789,2,2
6790,3,3
6791,3,3
6792,3,3
6793,1,1
6794,3,3
6795,1,1
6796,1,1
6797,3,3
6798,3,3
6799,2,2
6800,2,2
6801,4,4
6802,4,4
6803,2,2
6804,1,1
6805,1,1
6806,1,1
6807,3,3
6808,4,4
6809,4,4
6810,4,4
6811,3,3
6812,2,2
6813,3,1
6814,4,4
6815,3,3
6816,4,4
6817,1,1
6818,4,3
6819,1,1
6820,3,3
6821,1,4
6822,4,4
6823,2,2
6824,4,4
6825,1,1
6826,2,2
6827,3,3
6828,3,3
6829,4,4
6830,3,3
6831,4,2
6832,4,4
6833,1,1
6834,1,1
6835,3,4
6836,4,4
6837,3,3
6838,1,1
6839,4,4
6840,1,1
6841,4,4
6842,3,4
6843,1,4
6844,3,4
6845,4,4
6846,3,3
6847,1,3
6848,3,3
6849,1,3
6850,3,3
6851,3,3
6852,1,1
6853,3,1
6854,4,3
6855,1,1
6856,1,1
6857,1,1
6858,2,2
6859,2,2
6860,2,2
6861,3,3
6862,2,2
6863,3,3
6864,2,2
6865,3,4
6866,4,4
6867,4,4
6868,4,3
6869,3,3
6870,2,2
6871,4,4
6872,2,2
6873,2,2
6874,4,4
6875,2,2
6876,2,2
6877,2,2
6878,3,3
6879,3,3
6880,1,1
6881,1,1
6882,2,2
6883,2,2
6884,2,2
6885,2,2
6886,1,1
6887,1,1
6888,3,3
6889,2,2
6890,2,2
6891,2,2
6892,1,1
6893,2,2
6894,1,3
6895,1,1
6896,1,1
6897,1,1
6898,2,2
6899,4,4
6900,1,1
6901,3,3
6902,2,2
6903,1,1
6904,4,4
6905,4,4
6906,4,3
6907,3,3
6908,2,2
6909,4,4
6910,2,2
6911,3,4
6912,4,4
6913,4,4
6914,1,1
6915,3,1
6916,2,2
6917,3,3
6918,1,3
6919,2,2
6920,3,1
6921,4,3
6922,4,3
6923,2,2
6924,2,2
6925,2,2
6926,3,3
6927,4,4
6928,2,2
6929,2,2
6930,1,1
6931,2,2
6932,4,3
6933,2,2
6934,2,2
6935,3,3
6936,1,1
6937,4,4
6938,4,3
6939,4,3
6940,2,2
6941,1,3
6942,2,2
6943,4,1
6944,4,4
6945,2,2
6946,1,1
6947,1,1
6948,3,3
6949,1,1
6950,4,1
6951,3,3
6952,1,4
6953,1,1
6954,4,4
6955,3,3
6956,2,2
6957,4,4
6958,3,4
6959,4,4
6960,3,3
6961,1,1
6962,3,3
6963,1,1
6964,2,2
6965,1,1
6966,1,1
6967,3,3
6968,1,1
6969,4,4
6970,3,3
6971,3,3
6972,4,4
6973,4,4
6974,4,1
6975,3,3
6976,4,4
6977,1,1
6978,2,2
6979,2,2
6980,2,2
6981,1,3
6982,2,3
6983,3,3
6984,1,1
6985,4,4
6986,3,1
6987,3,3
6988,4,1
6989,2,2
6990,3,3
6991,3,1
6992,3,4
6993,3,4
6994,3,3
6995,2,2
6996,2,2
6997,3,3
6998,1,3
6999,1,1
7000,4,4
7001,3,4
7002,3,3
7003,4,4
7004,4,4
7005,4,4
7006,3,3
7007,2,2
7008,2,2
7009,1,3
7010,2,2
7011,2,2
7012,2,2
7013,2,2
7014,4,3
7015,4,4
7016,4,4
7017,1,2
7018,4,1
7019,4,1
7020,2,2
7021,3,3
7022,4,1
7023,1,1
7024,4,4
7025,1,1
7026,1,1
7027,3,3
7028,4,4
7029,3,3
7030,1,1
7031,1,3
7032,4,4
7033,4,1
7034,3,3
7035,1,1
7036,4,4
7037,4,4
7038,1,1
7039,4,4
7040,3,3
7041,4,4
7042,1,1
7043,3,3
7044,3,3
7045,4,4
7046,3,3
7047,3,3
7048,2,2
7049,4,4
7050,4,4
7051,3,3
7052,3,3
7053,4,4
7054,1,1
7055,4,4
7056,3,4
7057,4,3
7058,3,3
7059,1,1
7060,4,4
7061,4,4
7062,3,3
7063,4,4
7064,1,1
7065,2,2
7066,3,1
7067,2,2
7068,4,4
7069,3,4
7070,2,2
7071,3,3
7072,1,1
7073,1,2
7074,3,1
7075,3,3
7076,3,3
7077,1,1
7078,2,1
7079,2,2
7080,1,1
7081,3,3
7082,4,3
7083,3,3
7084,4,4
7085,4,4
7086,2,2
7087,1,1
7088,3,1
7089,2,2
7090,4,4
7091,2,2
7092,1,1
7093,4,4
7094,4,4
7095,2,2
7096,2,2
7097,4,4
7098,4,4
7099,3,3
7100,1,1
7101,2,3
7102,1,1
7103,4,4
7104,4,3
7105,3,3
7106,2,2
7107,3,3
7108,2,2
7109,3,3
7110,3,3
7111,1,1
7112,4,4
7113,3,4
7114,2,2
7115,3,3
7116,4,3
7117,3,3
7118,3,3
7119,1,1
7120,3,3
7121,4,4
7122,4,3
7123,4,4
7124,2,2
7125,3,3
7126,3,4
7127,4,4
7128,2,2
7129,2,2
7130,4,4
7131,3,3
7132,3,3
7133,1,1
7134,3,1
7135,4,3
7136,3,3
7137,4,4
7138,1,1
7139,2,2
7140,4,4
7141,1,1
7142,2,2
7143,2,2
7144,2,2
7145,3,1
7146,1,1
7147,4,3
7148,4,4
7149,3,4
7150,2,2
7151,2,2
7152,2,2
7153,2,2
7154,2,2
7155,4,4
7156,2,2
7157,1,2
7158,4,4
7159,3,3
7160,1,1
7161,2,2
7162,2,2
7163,2,2
7164,3,1
7165,3,2
7166,2,2
7167,2,2
7168,1,1
7169,2,2
7170,2,2
7171,1,1
7172,4,1
7173,1,1
7174,3,3
7175,2,2
7176,2,2
7177,1,1
7178,4,4
7179,1,1
7180,1,1
7181,1,1
7182,1,3
7183,2,2
7184,2,2
7185,2,2
7186,2,2
7187,2,2
7188,1,1
7189,2,2
7190,4,3
7191,2,2
7192,2,2
7193,2,2
7194,2,2
7195,2,4
7196,1,1
7197,2,2
7198,2,1
7199,1,1
7200,2,2
7201,1,1
7202,2,2
7203,4,4
7204,1,1
7205,3,3
7206,4,4
7207,4,4
7208,2,4
7209,1,1
7210,3,3
7211,3,3
7212,3,2
7213,2,2
7214,2,2
7215,3,3
7216,3,4
7217,3,3
7218,4,3
7219,2,2
7220,2,1
7221,1,1
7222,2,2
7223,2,2
7224,3,3
7225,1,1
7226,1,1
7227,1,1
7228,3,3
7229,1,3
7230,1,1
7231,1,3
7232,3,4
7233,2,2
7234,3,3
7235,2,2
7236,2,2
7237,3,3
7238,1,1
7239,2,1
7240,4,1
7241,2,3
7242,3,3
7243,3,3
7244,2,2
7245,1,1
7246,1,1
7247,3,4
7248,4,4
7249,1,1
7250,3,3
7251,3,3
7252,3,3
7253,1,1
7254,1,1
7255,2,2
7256,4,4
7257,1,1
7258,1,1
7259,3,3
7260,3,3
7261,3,4
7262,2,2
7263,1,4
7264,3,3
7265,1,1
7266,3,3
7267,4,3
7268,1,1
7269,4,4
7270,2,2
7271,4,4
7272,4,4
7273,4,4
7274,4,4
7275,4,4
7276,3,4
7277,2,2
7278,1,1
7279,2,2
7280,2,2
7281,1,1
7282,2,2
7283,4,3
7284,2,2
7285,1,1
7286,3,1
7287,3,3
7288,2,2
7289,2,2
7290,2,2
7291,4,3
7292,4,4
7293,1,1
7294,3,4
7295,3,3
7296,1,1
7297,4,4
7298,4,4
7299,2,2
7300,1,1
7301,3,3
7302,3,3
7303,4,4
7304,3,3
7305,4,4
7306,3,4
7307,4,4
7308,3,4
7309,2,2
7310,3,3
7311,2,2
7312,4,4
7313,1,1
7314,1,1
7315,1,1
7316,2,2
7317,2,2
7318,2,2
7319,3,3
7320,4,4
7321,1,1
7322,3,3
7323,3,4
7324,4,4
7325,2,4
7326,4,4
7327,2,2
7328,3,1
7329,3,3
7330,3,3
7331,3,3
7332,4,1
7333,3,4
7334,3,3
7335,4,3
7336,4,4
7337,1,1
7338,3,3
7339,4,4
7340,4,3
7341,4,4
7342,1,1
7343,2,2
7344,2,2
7345,3,1
7346,2,2
7347,4,4
7348,2,2
7349,4,4
7350,3,3
7351,2,2
7352,3,3
7353,2,2
7354,1,1
7355,2,2
7356,2,2
7357,1,1
7358,1,1
7359,4,4
7360,2,2
7361,4,4
7362,3,3
7363,4,1
7364,1,1
7365,1,1
7366,2,4
7367,3,4
7368,2,2
7369,4,1
7370,3,3
7371,3,3
7372,1,1
7373,4,4
7374,2,2
7375,4,4
7376,4,1
7377,3,3
7378,3,3
7379,4,4
7380,2,2
7381,2,2
7382,2,2
7383,1,1
7384,2,2
7385,2,2
7386,1,1
7387,3,3
7388,3,3
7389,3,4
7390,4,4
7391,1,1
7392,3,3
7393,4,4
7394,4,4
7395,2,2
7396,2,2
7397,4,1
7398,2,2
7399,4,4
7400,1,1
7401,3,3
7402,3,4
7403,2,2
7404,2,2
7405,3,3
7406,4,3
7407,4,4
7408,1,1
7409,4,1
7410,4,4
7411,4,4
7412,4,4
7413,4,4
7414,1,3
7415,2,2
7416,4,3
7417,1,4
7418,4,4
7419,3,4
7420,1,1
7421,3,3
7422,3,4
7423,3,3
7424,2,2
7425,2,2
7426,4,3
7427,1,4
7428,4,4
7429,2,2
7430,4,4
7431,3,3
7432,3,3
7433,2,2
7434,2,2
7435,2,2
7436,2,2
7437,1,1
7438,4,4
7439,3,3
7440,4,4
7441,3,4
7442,1,3
7443,2,2
7444,1,1
7445,3,3
7446,2,2
7447,3,3
7448,2,2
7449,3,3
7450,3,3
7451,3,3
7452,3,3
7453,3,3
7454,3,4
7455,2,2
7456,3,3
7457,4,4
7458,2,2
7459,3,1
7460,3,1
7461,1,1
7462,4,4
7463,3,3
7464,3,3
7465,3,3
7466,3,3
7467,4,4
7468,3,1
7469,3,3
7470,4,4
7471,3,3
7472,1,1
7473,4,4
7474,3,1
7475,1,1
7476,2,2
7477,1,1
7478,1,1
7479,4,4
7480,2,2
7481,3,3
7482,4,4
7483,1,1
7484,3,1
7485,2,2
7486,4,4
7487,2,2
7488,2,2
7489,3,3
7490,2,2
7491,1,1
7492,4,4
7493,4,3
7494,4,4
7495,4,4
7496,1,1
7497,3,3
7498,3,4
7499,4,4
7500,4,4
7501,2,2
7502,3,3
7503,1,1
7504,3,3
7505,3,4
7506,4,1
7507,2,2
7508,4,3
7509,3,3
7510,1,1
7511,3,1
7512,3,3
7513,1,1
7514,4,4
7515,4,4
7516,4,3
7517,1,1
7518,2,2
7519,4,4
7520,1,1
7521,3,4
7522,4,4
7523,3,4
7524,3,3
7525,3,3
7526,2,2
7527,1,1
7528,3,4
7529,2,2
7530,1,1
7531,3,3
7532,2,2
7533,2,2
7534,1,1
7535,1,1
7536,1,3
7537,1,1
7538,3,3
7539,1,1
7540,4,1
7541,1,1
7542,4,4
7543,3,4
7544,4,3
7545,1,1
7546,1,1
7547,4,4
7548,3,3
7549,3,3
7550,3,3
7551,2,2
7552,2,2
7553,1,1
7554,4,3
7555,3,3
7556,3,3
7557,4,3
7558,3,3
7559,3,3
7560,4,4
7561,1,1
7562,3,3
7563,2,2
7564,2,2
7565,3,3
7566,4,4
7567,3,4
7568,4,4
7569,3,1
7570,4,4
7571,1,1
7572,2,2
7573,2,2
7574,4,4
7575,3,4
7576,2,2
7577,2,2
7578,2,2
7579,1,1
7580,3,3
7581,2,2
7582,3,3
7583,4,4
7584,2,2
7585,2,2
7586,3,1
7587,2,2
7588,4,4
7589,4,4
7590,1,2
7591,2,2
7592,1,1
7593,1,1
7594,2,2
7595,3,1
7596,4,1
7597,2,2
7598,2,2
7599,4,3
7600,3,3
